"valor_total","fecha","cda_id","notas","subcuenta_ingreso","detalles","comprobante_id","cliente_id","id","created_date","updated_date","created_by_id","is_sample"
"4916000","2026-09-04","6a99077017ee6dbdadc0725f","","11100202","[{""valor_aplicado"":4916000,""capital"":3782000,""prestamo_id"":""6ab1745e23f864d0834c0c3f"",""intereses"":1134000}]","6ab47b74bab5ad501679fb63","6a99cbfbb22af34bf892335a","6ab47b75a1dd43884c4e6ffd","2026-09-24T01:23:01.090000","2026-09-24T01:23:01.090000","service_21a38539-786a-49a9-9de5-09b7d79f3f54","false"
"1500000","2026-09-16","6a99071e4b62bd2c897efedc","","11100106","[{""valor_aplicado"":1500000,""capital"":731160,""prestamo_id"":""6ab47804948091e8d146b6df"",""intereses"":768840}]","6ab479823ec60ba848226145","6ab477c8b794f2a88b0a3c68","6ab4798223fa9413f824c1ca","2026-09-24T01:14:42.857000","2026-09-24T01:14:42.857000","service_21a38539-786a-49a9-9de5-09b7d79f3f54","false"
"800000","2026-09-23","","","21100206","[{""valor_aplicado"":800000,""capital"":0,""prestamo_id"":""6aa4359cb5fce2c9650519ce"",""intereses"":800000}]","6ab40ef6898fd2fff3c8811f","6a99c7d1c5586b91f5d9ac96","6ab40ef7928198ce1d90cd43","2026-09-23T17:40:07.205000","2026-09-23T17:40:07.205000","service_21a38539-786a-49a9-9de5-09b7d79f3f54","false"
"2400000","2026-09-19","","","21100208","[{""valor_aplicado"":2400000,""capital"":2400000,""prestamo_id"":""6ab2f2cf486b0b2f53749717"",""intereses"":0}]","6ab2f2fe8242e8bce38bed6b","6ab2ef9cd6240e3d4e862b4c","6ab2f2ff4cf538f8956a54b9","2026-09-22T21:28:31.488000","2026-09-22T21:40:34.514000","service_21a38539-786a-49a9-9de5-09b7d79f3f54","false"
"800000","2026-09-14","6a9907550f8556f85fa51719","","11100201","[{""valor_aplicado"":800000,""capital"":700000.0000000625,""prestamo_id"":""6ab2f1b7d0cefce857cbeb8e"",""intereses"":99999.99999993747}]","6ab2f20ed05971a97be6f884","6a99c893f647dc1079b0897a","6ab2f20fadc8ac336a430e3a","2026-09-22T21:24:31.252000","2026-09-22T21:24:31.252000","service_21a38539-786a-49a9-9de5-09b7d79f3f54","false"
"1000000","2026-09-02","","","21100112","[{""valor_aplicado"":1000000,""capital"":720000,""prestamo_id"":""6ab16aec2888362a97a26546"",""intereses"":280000}]","6ab2eeb6ec59b8286b3ed136","6a98f44b9b09c658c8ff8f87","6ab2eeb792997be4fddc64c2","2026-09-22T21:10:15.893000","2026-09-22T21:10:15.893000","service_21a38539-786a-49a9-9de5-09b7d79f3f54","false"
"257000","2026-09-01","6a9b2981983614b2043bca38","","11100110","[{""valor_aplicado"":257000,""capital"":249130,""prestamo_id"":""6ab15ae33ca71e4a6fc48122"",""intereses"":7870}]","6ab2e5529d5c386c6729ccc7","6a99edd4ecd8f682cdf96935","6ab2e553f8b9937cebbb4427","2026-09-22T20:30:11.210000","2026-09-22T20:30:11.210000","service_21a38539-786a-49a9-9de5-09b7d79f3f54","false"
"240000","2026-09-01","6a990424613aa1d1bdc241a5","","11100101","[{""valor_aplicado"":240000,""capital"":0,""prestamo_id"":""6ab16bc93314d01cd48ba40c"",""intereses"":240000}]","6ab2e4f54d9329c94d4c5823","6ab16b9462a9b7945aa22b8b","6ab2e4f6b7bb57a6232a4970","2026-09-22T20:28:38.200000","2026-09-22T20:28:38.200000","service_21a38539-786a-49a9-9de5-09b7d79f3f54","false"
"2000000","2026-09-01","6a990748b570299cdba31290","","11100108","[{""valor_aplicado"":2000000,""capital"":2000000,""prestamo_id"":""6ab1587ca8e1cc815aa6a891"",""intereses"":0}]","6ab2e4869761f7728749148e","6a99c83c8fd2b72202198c71","6ab2e489ca98fcb8ae856f8b","2026-09-22T20:26:49.948000","2026-09-22T20:26:49.948000","service_21a38539-786a-49a9-9de5-09b7d79f3f54","false"
"800000","2026-09-01","6a9b2981983614b2043bca38","","11100110","[{""valor_aplicado"":800000,""capital"":800000,""prestamo_id"":""6ab15bcb85f6c37b7acd67bf"",""intereses"":0}]","6ab15c75700d30ae63777e4d","6a99edd4ecd8f682cdf96935","6ab15c760a8d5361ae33dd5e","2026-09-21T16:33:58.092000","2026-09-21T16:33:58.092000","service_21a38539-786a-49a9-9de5-09b7d79f3f54","false"
