"codigo","tipo","estado","cedula","notas","direccion","ocupacion","nombre","lugar_trabajo","referido_por","correo","lineas_negocio","cda_asignada_id","telefono","id","created_date","updated_date","created_by_id","is_sample"
"CLI-093","persona","activo","","","","","JOSE CARLOS CASTILLO","","","","[""pakredito""]","","1","6ab477c8b794f2a88b0a3c68","2026-09-24T01:07:20.503000","2026-09-24T01:07:20.503000","6a6b7dc2514d6193f995c343","false"
"CLI-092","persona","activo","85454988","El profe Wao","Calle 47.ª N. 31-48 Conjunto Red. Venecia","Profesor","WILMER ALFONSO ORTIZ","independiente","Kevin Paba","","[""multipagos"",""pakredito""]","","3054870788","6ab2ef9cd6240e3d4e862b4c","2026-09-22T21:14:04.547000","2026-09-22T21:14:04.547000","6a6b7dc2514d6193f995c343","false"
"CLI-091","persona","activo","","","","","EMILSE","","Kevin Paba","","[""pakredito""]","","1","6ab1757dd24c6f980b057899","2026-09-21T18:20:45.120000","2026-09-21T18:20:54.385000","6a6b7dc2514d6193f995c343","false"
"CLI-090","persona","activo","","","","","LUIS RODRIGUEZ","","Kevin Paba","","[""pakredito""]","","1","6ab16b9462a9b7945aa22b8b","2026-09-21T17:38:28.605000","2026-09-21T17:38:28.605000","6a6b7dc2514d6193f995c343","false"
"CLI-089","persona","activo","","","","","Javier Polo","","","","[""pakredito""]","","1","6ab1576c0e724d5f5104b25a","2026-09-21T16:12:28.379000","2026-09-21T16:12:28.379000","6a6b7dc2514d6193f995c343","false"
"CLI-036","persona","activo","","","","","CESAR MANOTAS","","","","[""multipagos""]","","3016277125","6a99edd4ecd8f682cdf96907","2026-09-03T21:59:48.970000","2026-09-17T04:13:52.713000","6a6b7dc2514d6193f995c343","false"
"CLI-037","persona","activo","","","","","ANABEL","","","","[""multipagos""]","","3003247224","6a99edd4ecd8f682cdf96908","2026-09-03T21:59:48.970000","2026-09-03T21:59:48.970000","6a6b7dc2514d6193f995c343","false"
"CLI-038","persona","activo","","","","","CHOPPER","","","","[""multipagos""]","","3175528567","6a99edd4ecd8f682cdf96909","2026-09-03T21:59:48.970000","2026-09-03T21:59:48.970000","6a6b7dc2514d6193f995c343","false"
"CLI-039","persona","activo","","","","","EDGAR SENSACION","","","","[""multipagos""]","","3158938587","6a99edd4ecd8f682cdf9690a","2026-09-03T21:59:48.970000","2026-09-03T21:59:48.970000","6a6b7dc2514d6193f995c343","false"
"CLI-040","persona","activo","","","","","JAVIER MARTINEZ","","","","[""multipagos""]","","3187909499","6a99edd4ecd8f682cdf9690b","2026-09-03T21:59:48.970000","2026-09-03T21:59:48.970000","6a6b7dc2514d6193f995c343","false"
"CLI-041","persona","activo","","","","","LILIA","","","","[""multipagos""]","","3024360006","6a99edd4ecd8f682cdf9690c","2026-09-03T21:59:48.970000","2026-09-03T21:59:48.970000","6a6b7dc2514d6193f995c343","false"
"CLI-042","persona","activo","","","","","MAIRA LOPEZ","","","","[""multipagos""]","","3003850231","6a99edd4ecd8f682cdf9690d","2026-09-03T21:59:48.970000","2026-09-03T21:59:48.970000","6a6b7dc2514d6193f995c343","false"
"CLI-043","persona","activo","","","","","ALIX","","","","[""multipagos""]","","3183955775","6a99edd4ecd8f682cdf9690e","2026-09-03T21:59:48.970000","2026-09-03T21:59:48.970000","6a6b7dc2514d6193f995c343","false"
"CLI-044","persona","activo","","","","","JOSE REALES","","","","[""multipagos""]","","3146484856","6a99edd4ecd8f682cdf9690f","2026-09-03T21:59:48.970000","2026-09-03T21:59:48.970000","6a6b7dc2514d6193f995c343","false"
"CLI-045","persona","activo","","","","","ELI JOSE","","","","[""multipagos""]","","3013354099","6a99edd4ecd8f682cdf96910","2026-09-03T21:59:48.970000","2026-09-03T21:59:48.970000","6a6b7dc2514d6193f995c343","false"
"CLI-046","persona","activo","","","","","AURA GUILLELICORES","","","","[""multipagos""]","","3332677461","6a99edd4ecd8f682cdf96911","2026-09-03T21:59:48.970000","2026-09-03T21:59:48.970000","6a6b7dc2514d6193f995c343","false"
"CLI-047","persona","activo","","","","","JOSE LACOUTURE","","","","[""multipagos""]","","3008039725","6a99edd4ecd8f682cdf96912","2026-09-03T21:59:48.970000","2026-09-03T21:59:48.970000","6a6b7dc2514d6193f995c343","false"
"CLI-048","persona","activo","","","","","ROSA BARRIOS","","","","[""multipagos""]","","3013969210","6a99edd4ecd8f682cdf96913","2026-09-03T21:59:48.970000","2026-09-03T21:59:48.970000","6a6b7dc2514d6193f995c343","false"
"CLI-049","persona","activo","","","","","VERONICA MANGA","","","","[""multipagos""]","","3196996958","6a99edd4ecd8f682cdf96914","2026-09-03T21:59:48.970000","2026-09-03T21:59:48.970000","6a6b7dc2514d6193f995c343","false"
"CLI-050","persona","activo","","","","","DANIELA BIENESTAR","","","","[""multipagos""]","","3013303434","6a99edd4ecd8f682cdf96915","2026-09-03T21:59:48.970000","2026-09-03T21:59:48.970000","6a6b7dc2514d6193f995c343","false"
"CLI-051","persona","activo","","","","","BRANDO","","","","[""multipagos""]","","3116872659","6a99edd4ecd8f682cdf96916","2026-09-03T21:59:48.970000","2026-09-03T21:59:48.970000","6a6b7dc2514d6193f995c343","false"
"CLI-052","persona","activo","","","","","CHARLY","","","","[""multipagos""]","","3043047550","6a99edd4ecd8f682cdf96917","2026-09-03T21:59:48.970000","2026-09-03T21:59:48.970000","6a6b7dc2514d6193f995c343","false"
"CLI-053","persona","activo","","","","","GUSTAVO ESTEBAN","","","","[""multipagos""]","","3175182518","6a99edd4ecd8f682cdf96918","2026-09-03T21:59:48.970000","2026-09-03T21:59:48.970000","6a6b7dc2514d6193f995c343","false"
"CLI-054","persona","activo","","","","","LEIDY LA MAGIA","","","","[""multipagos""]","","3106797585","6a99edd4ecd8f682cdf96919","2026-09-03T21:59:48.970000","2026-09-03T21:59:48.970000","6a6b7dc2514d6193f995c343","false"
"CLI-055","persona","activo","","","","","LISNEY SUPERLICORES","","","","[""multipagos""]","","3217109247","6a99edd4ecd8f682cdf9691a","2026-09-03T21:59:48.970000","2026-09-03T21:59:48.970000","6a6b7dc2514d6193f995c343","false"
"CLI-056","persona","activo","","","","","MELY FUENTES","","","","[""multipagos""]","","3022106810","6a99edd4ecd8f682cdf9691b","2026-09-03T21:59:48.970000","2026-09-03T21:59:48.970000","6a6b7dc2514d6193f995c343","false"
"CLI-057","persona","activo","","","","","SR CESAR","","","","[""multipagos""]","","3152740017","6a99edd4ecd8f682cdf9691c","2026-09-03T21:59:48.970000","2026-09-03T21:59:48.970000","6a6b7dc2514d6193f995c343","false"
"CLI-058","persona","activo","","","","","YAMILE RAMÍREZ- MARY KAY","","","","[""multipagos""]","","3003889470","6a99edd4ecd8f682cdf9691d","2026-09-03T21:59:48.970000","2026-09-03T21:59:48.970000","6a6b7dc2514d6193f995c343","false"
"CLI-059","persona","activo","","","","","ANDREA - MARY KAY","","","","[""multipagos""]","","3052061554","6a99edd4ecd8f682cdf9691e","2026-09-03T21:59:48.970000","2026-09-03T21:59:48.970000","6a6b7dc2514d6193f995c343","false"
"CLI-060","persona","activo","","","","","PAOLA TOLEDO","","","","[""multipagos""]","","3234157572","6a99edd4ecd8f682cdf9691f","2026-09-03T21:59:48.970000","2026-09-03T21:59:48.970000","6a6b7dc2514d6193f995c343","false"
"CLI-061","persona","activo","","","","","ALVARO MONO LUFER","","","","[""multipagos""]","","3012207218","6a99edd4ecd8f682cdf96920","2026-09-03T21:59:48.970000","2026-09-03T21:59:48.970000","6a6b7dc2514d6193f995c343","false"
"CLI-062","persona","activo","","","","","CASA GUAJIRA","","","","[""multipagos""]","","3202752337","6a99edd4ecd8f682cdf96921","2026-09-03T21:59:48.970000","2026-09-03T21:59:48.970000","6a6b7dc2514d6193f995c343","false"
"CLI-063","persona","activo","","","","","DEISY","","","","[""multipagos""]","","3002051523","6a99edd4ecd8f682cdf96922","2026-09-03T21:59:48.970000","2026-09-03T21:59:48.970000","6a6b7dc2514d6193f995c343","false"
"CLI-064","persona","activo","","","","","INGRID NUÑEZ","","","","[""multipagos""]","","3137407531","6a99edd4ecd8f682cdf96923","2026-09-03T21:59:48.970000","2026-09-03T21:59:48.970000","6a6b7dc2514d6193f995c343","false"
"CLI-065","persona","activo","","","","","JONATHAN SENSACION","","","","[""multipagos""]","","3186515543","6a99edd4ecd8f682cdf96924","2026-09-03T21:59:48.970000","2026-09-03T21:59:48.970000","6a6b7dc2514d6193f995c343","false"
"CLI-066","persona","activo","","","","","LA 23","","","","[""multipagos""]","","3146497011","6a99edd4ecd8f682cdf96925","2026-09-03T21:59:48.970000","2026-09-03T21:59:48.970000","6a6b7dc2514d6193f995c343","false"
"CLI-067","persona","activo","","","","","MAGALIS","","","","[""multipagos""]","","3160489791","6a99edd4ecd8f682cdf96926","2026-09-03T21:59:48.970000","2026-09-03T21:59:48.970000","6a6b7dc2514d6193f995c343","false"
"CLI-068","persona","activo","","","","","CECILIA CHAPARRO","","","","[""multipagos""]","","3106800230","6a99edd4ecd8f682cdf96927","2026-09-03T21:59:48.970000","2026-09-03T21:59:48.970000","6a6b7dc2514d6193f995c343","false"
"CLI-069","persona","activo","","","","","KATTY ARRIETA","","","","[""multipagos""]","","3215388087","6a99edd4ecd8f682cdf96928","2026-09-03T21:59:48.970000","2026-09-03T21:59:48.970000","6a6b7dc2514d6193f995c343","false"
"CLI-070","persona","activo","","","","","ALICIA TOSCANO","","","","[""multipagos""]","","3178483073","6a99edd4ecd8f682cdf96929","2026-09-03T21:59:48.970000","2026-09-03T21:59:48.970000","6a6b7dc2514d6193f995c343","false"
"CLI-071","persona","activo","","","","","BEATRIZ MORENO","","","","[""multipagos""]","","3005094382","6a99edd4ecd8f682cdf9692a","2026-09-03T21:59:48.970000","2026-09-03T21:59:48.970000","6a6b7dc2514d6193f995c343","false"
"CLI-072","persona","activo","","","","","JACKELINE ESTEBAN","","","","[""multipagos""]","","3008842803","6a99edd4ecd8f682cdf9692b","2026-09-03T21:59:48.970000","2026-09-03T21:59:48.970000","6a6b7dc2514d6193f995c343","false"
"CLI-073","persona","activo","","","","","TATIANA","","","","[""multipagos""]","","3180354657","6a99edd4ecd8f682cdf9692c","2026-09-03T21:59:48.970000","2026-09-03T21:59:48.970000","6a6b7dc2514d6193f995c343","false"
"CLI-074","persona","activo","","","","","ADRIANA ECHENIQUE","","","","[""multipagos""]","","3168650350","6a99edd4ecd8f682cdf9692d","2026-09-03T21:59:48.970000","2026-09-03T21:59:48.970000","6a6b7dc2514d6193f995c343","false"
"CLI-075","persona","activo","","","","","PINI LICORES","","","","[""multipagos""]","","3013780194","6a99edd4ecd8f682cdf9692e","2026-09-03T21:59:48.970000","2026-09-03T21:59:48.970000","6a6b7dc2514d6193f995c343","false"
"CLI-076","persona","activo","","","","","SONIA FLOREZ","","","","[""multipagos""]","","3014796620","6a99edd4ecd8f682cdf9692f","2026-09-03T21:59:48.970000","2026-09-03T21:59:48.970000","6a6b7dc2514d6193f995c343","false"
"CLI-077","persona","activo","","","","","LIZETH ROJAS","","","","[""multipagos""]","","3022929348","6a99edd4ecd8f682cdf96930","2026-09-03T21:59:48.970000","2026-09-03T21:59:48.970000","6a6b7dc2514d6193f995c343","false"
"CLI-078","persona","activo","","","","","CHOY ZAMBRANO","","","","[""multipagos""]","","3215171053","6a99edd4ecd8f682cdf96931","2026-09-03T21:59:48.970000","2026-09-03T21:59:48.970000","6a6b7dc2514d6193f995c343","false"
"CLI-079","persona","activo","","","","","ISIS BERNAL","","","","[""multipagos""]","","3014778297","6a99edd4ecd8f682cdf96932","2026-09-03T21:59:48.970000","2026-09-03T21:59:48.970000","6a6b7dc2514d6193f995c343","false"
"CLI-080","persona","activo","","","","","LEIDY ACOSTA MARY KAY","","","","[""multipagos""]","","3024228202","6a99edd4ecd8f682cdf96933","2026-09-03T21:59:48.970000","2026-09-03T21:59:48.970000","6a6b7dc2514d6193f995c343","false"
"CLI-081","persona","activo","","","","","EFRAIN OVALLE","","","","[""multipagos""]","","3014381737","6a99edd4ecd8f682cdf96934","2026-09-03T21:59:48.970000","2026-09-03T21:59:48.970000","6a6b7dc2514d6193f995c343","false"
"CLI-082","persona","activo","","","","","DIOSA ESCOBAR","","","","[""multipagos"",""pakredito""]","","3174274638","6a99edd4ecd8f682cdf96935","2026-09-03T21:59:48.970000","2026-09-21T16:32:59.804000","6a6b7dc2514d6193f995c343","false"
"CLI-083","persona","activo","","","","","MARIANA MERIÑO","","","","[""multipagos""]","","3008396562","6a99edd4ecd8f682cdf96936","2026-09-03T21:59:48.970000","2026-09-03T21:59:48.970000","6a6b7dc2514d6193f995c343","false"
"CLI-084","persona","activo","","","","","STEPHANY GONZALEZ","","","","[""multipagos""]","","3052827172","6a99edd4ecd8f682cdf96937","2026-09-03T21:59:48.970000","2026-09-03T21:59:48.970000","6a6b7dc2514d6193f995c343","false"
"CLI-085","persona","activo","","","","","MARIA ISABEL","","","","[""multipagos""]","","3012450488","6a99edd4ecd8f682cdf96938","2026-09-03T21:59:48.970000","2026-09-03T21:59:48.970000","6a6b7dc2514d6193f995c343","false"
"CLI-086","persona","activo","","","","","ALBERTO MANJARRES","","","","[""multipagos""]","","3013481455","6a99edd4ecd8f682cdf96939","2026-09-03T21:59:48.970000","2026-09-03T21:59:48.970000","6a6b7dc2514d6193f995c343","false"
"CLI-087","persona","activo","","","","","GEOVANIS CERPA","","","","[""multipagos""]","","3004908311","6a99edd4ecd8f682cdf9693a","2026-09-03T21:59:48.970000","2026-09-03T21:59:48.970000","6a6b7dc2514d6193f995c343","false"
"CLI-088","persona","activo","","","","","LEIDY WILL","","","","[""multipagos""]","","3207684225","6a99edd4ecd8f682cdf9693b","2026-09-03T21:59:48.970000","2026-09-03T21:59:48.970000","6a6b7dc2514d6193f995c343","false"
"CLI-035","persona","activo","PENDIENTE1","","","","FREDDY RAUL LOPEZ","","","","[""pakredito"",""multipagos""]","","3014341309","6a99cbfbb22af34bf892335a","2026-09-03T19:35:23.511000","2026-09-03T22:02:37.500000","6a6b7dc2514d6193f995c343","false"
"CLI-034","persona","activo","85474473","","","","JOSE IGNACIO GRANADOS ABETH","","","","[""pakredito""]","","3045607303","6a99c89f833c5156f6319506","2026-09-03T19:21:03.788000","2026-09-03T19:42:04.294000","6a6b7dc2514d6193f995c343","false"
"CLI-033","persona","activo","1004462882","","","","ELIANA MAYERLY HENRIQUEZ ANGULO","","","","[""pakredito""]","","3015994097","6a99c893f647dc1079b0897a","2026-09-03T19:20:51.171000","2026-09-03T19:42:12.574000","6a6b7dc2514d6193f995c343","false"
"CLI-032","persona","activo","1004322546","","Panama","Administrador","ELKIN JAIR REINA IBARRA","Lavanderia","Isaias Ariza","","[""pakredito""]","","50764597558","6a99c8845176075fb0e30ba4","2026-09-03T19:20:36.574000","2026-09-03T19:42:29.679000","6a6b7dc2514d6193f995c343","false"
"CLI-031","persona","activo","1082866585","","","","RUTH MARCELA HERNANDEZ MANJARRES","","","","[""pakredito""]","","3164530454","6a99c865dd4927ada6004856","2026-09-03T19:20:05.586000","2026-09-03T22:02:51.452000","6a6b7dc2514d6193f995c343","false"
"CLI-030","persona","activo","8713657","Compinche","","Mecanico","JUSTO ELIAS DIAZ BUSTAMANTE","El compinche","Kevin Paba","","[""multipagos"",""pakredito""]","","3014126285","6a99c857331f32fa1047639e","2026-09-03T19:19:51.918000","2026-09-03T22:03:11.188000","6a6b7dc2514d6193f995c343","false"
"CLI-029","persona","activo","85458896","","","","JESUS ENRIQUE DE LOS RIOS VILLALOBOS","","","","[""pakredito""]","","3022383492","6a99c83c8fd2b72202198c71","2026-09-03T19:19:24.963000","2026-09-03T22:03:21.953000","6a6b7dc2514d6193f995c343","false"
"CLI-028","persona","activo","36693916","","","Gimnasio","ASELA EMELINA CARMONA AMADOR","","","","[""pakredito""]","","3006575243","6a99c8162deaee28a967bfd6","2026-09-03T19:18:46.143000","2026-09-03T22:03:28.938000","6a6b7dc2514d6193f995c343","false"
"CLI-027","persona","activo","75057176","","","","CARLOS ELIBER SERNA ESCOBAR","","Kevin Paba","","[""pakredito""]","","","6a99c8021fb40c7ed49309d3","2026-09-03T19:18:26.383000","2026-09-03T22:03:35.129000","6a6b7dc2514d6193f995c343","false"
"CLI-026","persona","activo","37726303","","","","NEYLA JOHANA AYALA MARTINEZ","","Kevin Paba","","[""pakredito""]","","3183439719","6a99c7eea1c0b8131447f7cb","2026-09-03T19:18:06.337000","2026-09-03T22:03:42.742000","6a6b7dc2514d6193f995c343","false"
"CLI-025","persona","activo","1.082.984.898","","","","EDER ANDRES MOLINARES ORTIZ","","Kevin Paba","","[""pakredito""]","","","6a99c7df338e7e68ab0bd053","2026-09-03T19:17:51.696000","2026-09-03T22:03:47.864000","6a6b7dc2514d6193f995c343","false"
"CLI-024","persona","activo","1.082.928.545","","","Administrador","GUILLERMO LOPEZ GALLEGOS","Guillelicores","Kevin Paba","","[""pakredito""]","","3005123991","6a99c7d1c5586b91f5d9ac96","2026-09-03T19:17:37.777000","2026-09-03T22:03:59.748000","6a6b7dc2514d6193f995c343","false"
"CLI-023","persona","activo","85464374","De su prestamo se descuenta del sueldo de Kariluz","","","JUAN CARLOS NAVARROS RODAS","","Kari Luz Moreno","","[""pakredito""]","","","6a99c7b0db25e0f80651e401","2026-09-03T19:17:04.250000","2026-09-03T22:04:06.123000","6a6b7dc2514d6193f995c343","false"
"CLI-022","persona","activo","85153922","","","Vendedor de tecnologia","LUIS MEZA ANDRADE","","Kevin Paba","","[""pakredito""]","","3235865989","6a99c76af84dc5790f226cd1","2026-09-03T19:15:54.556000","2026-09-03T22:04:13.556000","6a6b7dc2514d6193f995c343","false"
"CLI-021","persona","activo","1082907062","","MZ 1 Cs 24","Empresario","KEVIN PABA QUINTERO","","","","[]","","3046381473","6a98f5b7ab409033bb50562f","2026-09-03T04:21:11.197000","2026-09-03T04:21:11.197000","6a6b7dc2514d6193f995c343","false"
"CLI-020","persona","activo","1118836840","","MZ 1 Cs 24","Contadora publica","ALEJANDRA ARISTIZABAL","","Kevin Paba","klacsoluciones@gmail.com","[""multipagos""]","","3046381492","6a98f586e826fc0c9dc1a431","2026-09-03T04:20:22.084000","2026-09-03T22:04:45.670000","6a6b7dc2514d6193f995c343","false"
"CLI-019","persona","activo","26717761","","Kra 21 a 3 #29k 45","Contadora Publica","ELOISA MARIA IBARRA MELENDEZ","independiente","Isaias Ariza","eloisa.ibarra@hotmail.com","[""multipagos""]","","3107483661","6a98f560eedd223f042a4af1","2026-09-03T04:19:44.784000","2026-09-03T22:10:13.622000","6a6b7dc2514d6193f995c343","false"
"CLI-018","persona","activo","1082955904","","MZ 1 Cs 24","Comercializadora de Perfumes","STEPHANY MARGARITA HENRIQUEZ ANGULO","","Kevin Paba","Teresaq1965@gmail.com","[""emprendamos""]","","3218349314","6a98f53b4a3fa86e738b539e","2026-09-03T04:19:07.960000","2026-09-03T22:10:23.554000","6a6b7dc2514d6193f995c343","false"
"CLI-017","persona","activo","32821194","","MZ 1 Cs 24","Pensionada","TERESA QUINTERO GUERRERO","","Kevin Paba","Teresaq1965@gmail.com","[]","","3046381492","6a98f507fd17225d2bea2df8","2026-09-03T04:18:15.998000","2026-09-03T04:18:15.998000","6a6b7dc2514d6193f995c343","false"
"CLI-016","persona","activo","1082856861","","","Asesora de Banco","KIMBERLEY PABA QUINTERO","","Kevin Paba","","[""multipagos""]","","3006994446","6a98f4dc0bf57c3a68f7cdbe","2026-09-03T04:17:32.380000","2026-09-03T22:10:33.711000","6a6b7dc2514d6193f995c343","false"
"CLI-015","persona","activo","1004463223","","Kra 21 a 3 #29k 45","Pastelero","ISAIAS DAVID ARIZA IBARRA","","Kevin Paba","isaiasariza2003@gmail.com","[""multipagos"",""emprendamos""]","","1004463223","6a98f4b92ead03ed4ffe5eb6","2026-09-03T04:16:57.882000","2026-09-03T22:10:38.518000","6a6b7dc2514d6193f995c343","false"
"CLI-014","persona","activo","1082861245","","Torre 6 apt 302","Asesora de Banco","ANA MILENA AKLE OROZCO","Mundo Mujer","Kevin Paba","anamilenaakleorozco@gmail.com","[""multipagos""]","","3015015376","6a98f4907a6f360a049f6048","2026-09-03T04:16:16.115000","2026-09-03T22:10:43.707000","6a6b7dc2514d6193f995c343","false"
"CLI-013","persona","activo","1082941964","","Cll 26 Bis # 6-15 apto 202","Consultora","MARCELA PATRICIA BLANCO PABON","Mary Kay","Kevin Paba","marcelablanco682@gmail.com","[""multipagos""]","","3007732247","6a98f46fc92cf089e1403574","2026-09-03T04:15:43.850000","2026-09-03T22:10:47.678000","6a6b7dc2514d6193f995c343","false"
"CLI-012","persona","activo","78697155","","Av ferrocarril # 27-14","Distribuidor de Taller de motos","JORGE ELIECER PEREZ MESA","","Kevin Paba","rjtcolombia@hotmail.com","[""multipagos"",""emprendamos"",""pakredito""]","","3192093529","6a98f44b9b09c658c8ff8f87","2026-09-03T04:15:07.541000","2026-09-03T22:10:52.542000","6a6b7dc2514d6193f995c343","false"
"CLI-011","persona","activo","1118810784","","Calle 22 carrera 13 #13-68","Gerente","DELIBETH VANESSA VAN GRIEKEN FONSECA","Air-e","Kevin Paba","delibethvangrieken@gmail.com","[]","","3012303869","6a98f419906ee21f6cde3cab","2026-09-03T04:14:17.290000","2026-09-03T04:14:17.290000","6a6b7dc2514d6193f995c343","false"
"CLI-010","persona","activo","1043005249","","Kr 25 #18-23 Apto 304","Asesora de Banco","DIANA CAROLINA BALLESTAS CERVANTES","Mundo Mujer","Kevin Paba","dianakaro1223@gmail.com","[""multipagos"",""emprendamos""]","","3175121386","6a98f3f2b2ab7e8afdf8ec95","2026-09-03T04:13:38.892000","2026-09-03T22:11:06.654000","6a6b7dc2514d6193f995c343","false"
"CLI-009","persona","activo","1083025886","","Cra 43 #14a -18","Soldador","DIEGO ARMANDO BLANCO PABON","","Marcela Blanco","diblanco97@gmail.com","[""multipagos"",""emprendamos""]","","3008028835","6a98f3cd2f0c74160ca1493c","2026-09-03T04:13:01.051000","2026-09-03T22:11:11.870000","6a6b7dc2514d6193f995c343","false"
"CLI-008","persona","activo","1081763804","","kra 43 #14a - 18","","YULEIDIS AMELIA MUÑOZ PEREZ","","Diego Blanco","yuleidismunozp@gmail.com","[""emprendamos""]","","3007894212","6a98f394673a207abc88d40f","2026-09-03T04:12:04.550000","2026-09-03T22:11:21.635000","6a6b7dc2514d6193f995c343","false"
"CLI-007","persona","activo","84453180","","","Organizador de Eventos","REMIGIO MUÑOZ BANDERA","","Kevin Paba","","[""emprendamos""]","","3016333118","6a98f370e7ff24e87b272441","2026-09-03T04:11:28.871000","2026-09-03T22:11:27.149000","6a6b7dc2514d6193f995c343","false"
"CLI-006","persona","activo","1082858028",""," Calle 47 N° 20B – 13","Abogada","KARI LUZ MORENO TRAVECEDO","","Kevin Paba","camivone72@hotmail.com","[""emprendamos""]","","3104359428","6a98f3521b828e5d47916bad","2026-09-03T04:10:58.737000","2026-09-03T22:11:32.007000","6a6b7dc2514d6193f995c343","false"
"CLI-005","persona","activo","1004348133","","mz h casa 10","Tatuador","ANDERSON YAMIT MERIÑO POSADA","","Kevin Paba","Altagama186@gmail.com","[]","","3043826810","6a98f3301456d4a0c6a4c06e","2026-09-03T04:10:24.057000","2026-09-24T02:57:25.996000","6a6b7dc2514d6193f995c343","false"
"CLI-004","persona","activo","1082887880","","parques de Bolívar etapa 4 Torre 41 apartamento 402","","ANA MARIA MEZA RODRIGUEZ","","Kevin Paba","ingsomag@gmail.com","[""emprendamos""]","","3185688696","6a98f30767b838abe34d9d46","2026-09-03T04:09:43.458000","2026-09-03T22:11:39.513000","6a6b7dc2514d6193f995c343","false"
"CLI-003","persona","activo","1004373696","","Carrera 11#3-17 apto 2","Tienda de Belleza","YOSSELIN DAYANA NIETO COLLAZO","","Kevin Paba","Dayananieto619@gmail.com","[""emprendamos""]","","3002271909","6a98f2e42665cda10340d60f","2026-09-03T04:09:08.757000","2026-09-03T22:12:02","6a6b7dc2514d6193f995c343","false"
"CLI-002","persona","activo","1007537933","","","","YOSSAINA PAOLA VANEGAS CASTRO","","Anderson Meriño","Yossainavanegas06@gmail.com","[""emprendamos""]","","3123354733","6a98f2984726aaae7f1bae9b","2026-09-03T04:07:52.811000","2026-09-03T22:12:07.210000","6a6b7dc2514d6193f995c343","false"
"CLI-001","persona","activo","1048848701","Villavicencio - Meta","Kra. 4 Este #17-64 Mz F1 Cs 14","","DORA CAROLINA VILLALOBOS JACKSON","","Kevin Paba","dora_vj@hotmail.com","[""emprendamos""]","","3135604839","6a98f274b437ec02a10288fd","2026-09-03T04:07:16.751000","2026-09-03T22:12:11.473000","6a6b7dc2514d6193f995c343","false"
