"codigo","inquilino_id","estado","deposito_pagado","comprobante_deposito_id","fecha_inicio","notas","email_enviado","alertas_enviadas","inmueble_id","duracion_meses","fecha_fin","documento_pdf_url","valor_arriendo","tipo_contrato","valor_deposito","id","created_date","updated_date","created_by_id","is_sample"
"ARR-023","6a8f03fe8f554bb2c378ca34","vigente","false","","2026-08-26","","false","0","6a8ef237fbd52d081853ca44","6","2027-02-26","https://base44.app/api/apps/6a6b7dc2514d6193f995c342/files/mp/public/6a6b7dc2514d6193f995c342/c9825c01e_contrato-ARR-023.pdf","800000","EDIFICIO","400000","6a8f03ff2ab59a9f8fc20939","2026-08-26T15:19:27.750000","2026-08-26T15:19:32.150000","service_21a38539-786a-49a9-9de5-09b7d79f3f54","false"
"ARR-022","6a8f035fcc2e286db2df78f6","vigente","false","","2026-07-28","","false","0","6a84c668bcfd7b071f65696b","6","2027-01-28","https://base44.app/api/apps/6a6b7dc2514d6193f995c342/files/mp/public/6a6b7dc2514d6193f995c342/9e9d50a6a_contrato-ARR-022.pdf","1400000","VENECIA","700000","6a8f0360a2cf905181dcf504","2026-08-26T15:16:48.762000","2026-08-26T15:16:59.357000","service_21a38539-786a-49a9-9de5-09b7d79f3f54","false"
"ARR-021","6a8f020366d6ed7eed95018b","vigente","false","","2026-08-26","","false","0","6a8ef24a8db78c9bb6406e32","6","2027-02-26","https://base44.app/api/apps/6a6b7dc2514d6193f995c342/files/mp/public/6a6b7dc2514d6193f995c342/2306c3b99_contrato-ARR-021.pdf","680000","EDIFICIO","340000","6a8f020513876c3c51a1ed71","2026-08-26T15:11:01.071000","2026-08-26T15:11:06.595000","service_21a38539-786a-49a9-9de5-09b7d79f3f54","false"
"ARR-020","6a8f0164860f518c08f86e4b","vigente","false","","2026-07-05","","false","0","6a84c59ca4a841c49379a7b7","6","2027-01-05","https://base44.app/api/apps/6a6b7dc2514d6193f995c342/files/mp/public/6a6b7dc2514d6193f995c342/20abd4aa6_contrato-ARR-020.pdf","750000","EDIFICIO","375000","6a8f016566de5e2d19da4ae4","2026-08-26T15:08:21.880000","2026-08-26T15:08:26.677000","service_21a38539-786a-49a9-9de5-09b7d79f3f54","false"
"ARR-019","6a8f0048fd301b5548f8b129","terminado","false","","2026-07-05","","false","0","6a8ef24a8db78c9bb6406e32","6","2027-01-05","https://base44.app/api/apps/6a6b7dc2514d6193f995c342/files/mp/public/6a6b7dc2514d6193f995c342/864103c8d_contrato-ARR-019.pdf","780000","EDIFICIO","390000","6a8f0049056cdd9559aafd75","2026-08-26T15:03:37.406000","2026-08-26T15:06:41.119000","service_21a38539-786a-49a9-9de5-09b7d79f3f54","false"
"ARR-018","6a8eff03af2c0c1939ce80cf","vigente","false","","2026-08-02","","false","0","6a8ef4bd4845d2b52588ce66","6","2027-02-02","https://base44.app/api/apps/6a6b7dc2514d6193f995c342/files/mp/public/6a6b7dc2514d6193f995c342/e12e1ea4e_contrato-ARR-018.pdf","700000","EDIFICIO","350000","6a8eff446c43e3594b8cde33","2026-08-26T14:59:16.532000","2026-08-26T14:59:49.237000","service_21a38539-786a-49a9-9de5-09b7d79f3f54","false"
"ARR-017","6a8efc51c9814a051ca25b1d","vigente","false","","2026-08-13","","false","0","6a8ef495bed3b670bda29180","6","2027-02-13","https://base44.app/api/apps/6a6b7dc2514d6193f995c342/files/mp/public/6a6b7dc2514d6193f995c342/57409b869_contrato-ARR-017.pdf","680000","EDIFICIO","340000","6a8efc71b97a92ce5a6beb14","2026-08-26T14:47:13.711000","2026-08-26T14:47:34.121000","service_21a38539-786a-49a9-9de5-09b7d79f3f54","false"
"ARR-016","6a8efbb3bd8b936b281f879e","vigente","false","","2026-06-14","","false","0","6a8efb1ec5f80c016147a34a","6","2026-12-14","https://base44.app/api/apps/6a6b7dc2514d6193f995c342/files/mp/public/6a6b7dc2514d6193f995c342/b80fc632f_contrato-ARR-016.pdf","740000","EDIFICIO","370000","6a8efbb575d1f67b630e0b87","2026-08-26T14:44:05.825000","2026-08-26T14:44:10.621000","service_21a38539-786a-49a9-9de5-09b7d79f3f54","false"
"ARR-015","6a8efa6f47ec7baf311833f9","vigente","false","","2026-05-30","","false","0","6a8efa1e75bb42ecf1d5233b","6","2026-11-30","https://base44.app/api/apps/6a6b7dc2514d6193f995c342/files/mp/public/6a6b7dc2514d6193f995c342/dd2d2e304_contrato-ARR-015.pdf","740000","EDIFICIO","370000","6a8efa713c9cb39be3edd81e","2026-08-26T14:38:41.619000","2026-08-26T14:38:46.743000","service_21a38539-786a-49a9-9de5-09b7d79f3f54","false"
"ARR-014","6a8ef9a11090d72bdcca7ce4","vigente","false","","2026-08-14","","false","0","6a8ef449d51e0043742de5b6","6","2027-02-14","https://base44.app/api/apps/6a6b7dc2514d6193f995c342/files/mp/public/6a6b7dc2514d6193f995c342/87c57b14e_contrato-ARR-014.pdf","660000","EDIFICIO","330000","6a8ef9a2730f78bffaaa75f3","2026-08-26T14:35:14.914000","2026-08-26T14:35:20.284000","service_21a38539-786a-49a9-9de5-09b7d79f3f54","false"
"ARR-013","6a8ef7fa0ceb34fc9a97f11b","vigente","false","","2026-08-28","","false","0","6a8ef430355e53e8f7a48965","6","2027-02-28","https://base44.app/api/apps/6a6b7dc2514d6193f995c342/files/mp/public/6a6b7dc2514d6193f995c342/fc450e27e_contrato-ARR-013.pdf","680000","EDIFICIO","340000","6a8ef7fcc5a0eafdb0af2f63","2026-08-26T14:28:12.160000","2026-08-26T14:28:17.393000","service_21a38539-786a-49a9-9de5-09b7d79f3f54","false"
"ARR-012","6a8ef68182f67182a297d27b","vigente","false","","2026-08-06","","false","0","6a84c2bd931cf2f0417c5e98","4","2026-12-06","https://base44.app/api/apps/6a6b7dc2514d6193f995c342/files/mp/public/6a6b7dc2514d6193f995c342/2490dcb49_contrato-ARR-012.pdf","680000","EDIFICIO","340000","6a8ef6ec6343144ba575e182","2026-08-26T14:23:40.819000","2026-08-26T14:23:45.474000","service_21a38539-786a-49a9-9de5-09b7d79f3f54","false"
"ARR-011","6a8ef68182f67182a297d27b","terminado","false","","2026-08-06","prueba
","false","0","6a8ef4bd4845d2b52588ce66","4","2026-12-06","https://base44.app/api/apps/6a6b7dc2514d6193f995c342/files/mp/public/6a6b7dc2514d6193f995c342/74c3915db_contrato-ARR-011.pdf","680000","EDIFICIO","340000","6a8ef6846abef7417ba7ddc3","2026-08-26T14:21:56.797000","2026-08-26T14:23:15.695000","service_21a38539-786a-49a9-9de5-09b7d79f3f54","false"
