"titular_id","estado","subcuenta_puc","numero_completo","banco","movimientos_mes_acumulado","saldo","nombre","nota","id","created_date","updated_date","created_by_id","is_sample"
"6a98f44b9b09c658c8ff8f87","activa","11100204","488450228389","DA","0","-391761","CDA - 8389","No se usará para Recibir pago, administración de movimientos personales de Jorge","6ab18f8c1f4d93954a25c2a9","2026-09-21T20:11:56.359000","2026-09-24T16:41:21.894000","service_21a38539-786a-49a9-9de5-09b7d79f3f54","false"
"6a98f370e7ff24e87b272441","activa","11100110","916-684-981-54","BA","6694413","3846990","CDA - 8154","","6a9b2981983614b2043bca38","2026-09-04T20:26:41.024000","2026-09-24T16:31:05.774000","service_21a38539-786a-49a9-9de5-09b7d79f3f54","false"
"6a98f394673a207abc88d40f","activa","11100109","516-000-087-85","BA","20432729","-2829703","CDA - 8785","","6a9a471df022ce03ca282aeb","2026-09-04T04:20:45.656000","2026-09-24T16:41:21.985000","service_21a38539-786a-49a9-9de5-09b7d79f3f54","false"
"6a98f4b92ead03ed4ffe5eb6","activa","11100301","724-211-5398","CO","2116804","4001196","CDA - 5398","","6a99078e3757950369fccb0c","2026-09-03T05:37:18.596000","2026-09-15T14:27:45.861000","service_21a38539-786a-49a9-9de5-09b7d79f3f54","false"
"6a98f2e42665cda10340d60f","activa","11100203","4884-7289-7856","DA","7990000","-4120000","CDA - 7856","","6a990783d5cbfd223b0246d3","2026-09-03T05:37:07.955000","2026-09-24T16:31:42.659000","service_21a38539-786a-49a9-9de5-09b7d79f3f54","false"
"6a98f3301456d4a0c6a4c06e","activa","11100202","4884-5682-9230","DA","8593840","3685724","CDA - 9230","","6a99077017ee6dbdadc0725f","2026-09-03T05:36:48.210000","2026-09-24T01:23:00.806000","service_21a38539-786a-49a9-9de5-09b7d79f3f54","false"
"6a98f2984726aaae7f1bae9b","activa","11100201","4884-3746-3695","DA","7480261","2633863","CDA - 3695","","6a9907550f8556f85fa51719","2026-09-03T05:36:21.642000","2026-09-22T21:24:30.799000","service_21a38539-786a-49a9-9de5-09b7d79f3f54","false"
"6a98f3cd2f0c74160ca1493c","activa","11100108","779-246-877-57","BA","3634463","2847305","CDA - 7757","","6a990748b570299cdba31290","2026-09-03T05:36:08.040000","2026-09-24T16:41:22.065000","service_21a38539-786a-49a9-9de5-09b7d79f3f54","false"
"6a98f586e826fc0c9dc1a431","activa","11100107","516-836-871-91","BA","3687407","-763308","CDA - 7191","","6a990731299b0f10f37b43e5","2026-09-03T05:35:45.216000","2026-09-21T20:53:53.224000","service_21a38539-786a-49a9-9de5-09b7d79f3f54","false"
"6a98f5b7ab409033bb50562f","activa","11100106","779-340-565-85","BA","2210979","-1452659","CDA - 6585","","6a99071e4b62bd2c897efedc","2026-09-03T05:35:26.378000","2026-09-24T16:41:22.145000","service_21a38539-786a-49a9-9de5-09b7d79f3f54","false"
"6a98f3f2b2ab7e8afdf8ec95","activa","11100105","779-540-065-41","BA","3859010","-425987","CDA - 6541","","6a990712a18dfd7c0f35d860","2026-09-03T05:35:14.318000","2026-09-21T15:51:07.055000","service_21a38539-786a-49a9-9de5-09b7d79f3f54","false"
"6a98f3521b828e5d47916bad","activa","11100104","912-119-860-05","BA","8140000","2887039","CDA - 6005","","6a9904f8d5342ec4d0a6662f","2026-09-03T05:26:16.019000","2026-09-24T16:41:22.217000","service_21a38539-786a-49a9-9de5-09b7d79f3f54","false"
"6a98f53b4a3fa86e738b539e","activa","11100103","077-000-052-79","BA","867083","130573","CDA - 5279","","6a990493deb0075f5f3a0be5","2026-09-03T05:24:35.714000","2026-09-18T16:01:37.194000","service_21a38539-786a-49a9-9de5-09b7d79f3f54","false"
"6a98f507fd17225d2bea2df8","activa","11100102","779-905-244-01","BA","3298870","-2898171","CDA - 4401","","6a99048602bc353dfac010cc","2026-09-03T05:24:22.792000","2026-09-21T21:35:41.181000","service_21a38539-786a-49a9-9de5-09b7d79f3f54","false"
"6a98f560eedd223f042a4af1","activa","11100101","779-337-824-36","BA","6392207","1367907","CDA - 2436","","6a990424613aa1d1bdc241a5","2026-09-03T05:22:44.280000","2026-09-24T16:41:22.289000","service_21a38539-786a-49a9-9de5-09b7d79f3f54","false"
