"estado","cuota","numero","fecha_vencimiento","capital_abono","abono_id","valor_pagado","prestamo_id","interes","saldo_capital","fecha_pago","id","created_date","updated_date","created_by_id","is_sample"
"pagada","4916000","1","2026-09-04","3782000","6ab47b75a1dd43884c4e6ffd","4916000","6ab1745e23f864d0834c0c3f","1134000","0","2026-09-04","6ab47b7559fcf73739b87a91","2026-09-24T01:23:01.232000","2026-09-24T01:23:01.232000","service_21a38539-786a-49a9-9de5-09b7d79f3f54","false"
"pagada","1500000","1","2026-09-16","731160","6ab4798223fa9413f824c1ca","1500000","6ab47804948091e8d146b6df","768840","3838590","2026-09-16","6ab479831c64f5d28ea04a3c","2026-09-24T01:14:43.029000","2026-09-24T01:14:43.029000","service_21a38539-786a-49a9-9de5-09b7d79f3f54","false"
"pagada","2424000","1","2026-10-01","2400000","6ab2f2ff4cf538f8956a54b9","2424000","6ab2f2cf486b0b2f53749717","24000.000000000022","0","2026-09-19","6ab2f2cf1c01169166788b1d","2026-09-22T21:27:43.179000","2026-09-22T21:39:30.911000","service_21a38539-786a-49a9-9de5-09b7d79f3f54","false"
"pagada","800000","1","2026-09-15","700000","6ab2f20fadc8ac336a430e3a","800000","6ab2f1b7d0cefce857cbeb8e","99999.99999993747","0","2026-09-14","6ab2f1b87367fb07c84a5ad3","2026-09-22T21:23:04.125000","2026-09-22T21:24:31.459000","service_21a38539-786a-49a9-9de5-09b7d79f3f54","false"
"pendiente","2444602.0000000033","1","2026-10-10","2373400","","0","6ab2f10f6957eafcd386b3f4","71202.00000000006","0","","6ab2f10f10730d48d6f7e38c","2026-09-22T21:20:15.597000","2026-09-22T21:20:15.597000","service_21a38539-786a-49a9-9de5-09b7d79f3f54","false"
"pagada","1000000","1","2026-09-02","720000","6ab2eeb792997be4fddc64c2","1000000","6ab16aec2888362a97a26546","280000","480000","2026-09-02","6ab2eeb8745fc3a3d4728338","2026-09-22T21:10:16.105000","2026-09-22T21:10:16.105000","service_21a38539-786a-49a9-9de5-09b7d79f3f54","false"
"vencida","300000","1","2026-08-12","11069.779553156404","","0","6ab16a631bf57c876e36c720","288930.2204468436","988930.2204468437","","6ab2eb13c3ac3a79ef6e80e0","2026-09-22T20:54:43.293000","2026-09-22T21:05:53.155000","service_21a38539-786a-49a9-9de5-09b7d79f3f54","false"
"vencida","300000","2","2026-09-12","14268.173399747873","","0","6ab16a631bf57c876e36c720","285731.8266002521","974662.0470470958","","6ab2eb13c3ac3a79ef6e80e1","2026-09-22T20:54:43.293000","2026-09-22T21:05:53.622000","service_21a38539-786a-49a9-9de5-09b7d79f3f54","false"
"pendiente","300000","3","2026-10-12","18390.679885510763","","0","6ab16a631bf57c876e36c720","281609.32011448924","956271.367161585","","6ab2eb13c3ac3a79ef6e80e2","2026-09-22T20:54:43.293000","2026-09-22T20:54:43.293000","service_21a38539-786a-49a9-9de5-09b7d79f3f54","false"
"pendiente","300000","4","2026-11-12","23704.303078998753","","0","6ab16a631bf57c876e36c720","276295.69692100125","932567.0640825862","","6ab2eb13c3ac3a79ef6e80e3","2026-09-22T20:54:43.293000","2026-09-22T20:54:43.293000","service_21a38539-786a-49a9-9de5-09b7d79f3f54","false"
"pendiente","300000","5","2026-12-12","30553.192593152693","","0","6ab16a631bf57c876e36c720","269446.8074068473","902013.8714894336","","6ab2eb13c3ac3a79ef6e80e4","2026-09-22T20:54:43.293000","2026-09-22T20:54:43.293000","service_21a38539-786a-49a9-9de5-09b7d79f3f54","false"
"pendiente","300000","6","2027-01-12","39380.933264447114","","0","6ab16a631bf57c876e36c720","260619.0667355529","862632.9382249864","","6ab2eb13c3ac3a79ef6e80e5","2026-09-22T20:54:43.293000","2026-09-22T20:54:43.293000","service_21a38539-786a-49a9-9de5-09b7d79f3f54","false"
"pendiente","300000","7","2027-02-12","50759.27499394628","","0","6ab16a631bf57c876e36c720","249240.72500605372","811873.6632310401","","6ab2eb13c3ac3a79ef6e80e6","2026-09-22T20:54:43.293000","2026-09-22T20:54:43.293000","service_21a38539-786a-49a9-9de5-09b7d79f3f54","false"
"pendiente","300000","8","2027-03-12","65425.163507669145","","0","6ab16a631bf57c876e36c720","234574.83649233085","746448.499723371","","6ab2eb13c3ac3a79ef6e80e7","2026-09-22T20:54:43.293000","2026-09-22T20:54:43.293000","service_21a38539-786a-49a9-9de5-09b7d79f3f54","false"
"pendiente","300000","9","2027-04-12","84328.47042271076","","0","6ab16a631bf57c876e36c720","215671.52957728924","662120.0293006602","","6ab2eb13c3ac3a79ef6e80e8","2026-09-22T20:54:43.293000","2026-09-22T20:54:43.293000","service_21a38539-786a-49a9-9de5-09b7d79f3f54","false"
"pendiente","300000","10","2027-05-12","108693.51397188971","","0","6ab16a631bf57c876e36c720","191306.4860281103","553426.5153287705","","6ab2eb13c3ac3a79ef6e80e9","2026-09-22T20:54:43.293000","2026-09-22T20:54:43.293000","service_21a38539-786a-49a9-9de5-09b7d79f3f54","false"
"pendiente","300000","11","2027-06-12","140098.35492492988","","0","6ab16a631bf57c876e36c720","159901.64507507012","413328.1604038406","","6ab2eb13c3ac3a79ef6e80ea","2026-09-22T20:54:43.293000","2026-09-22T20:54:43.293000","service_21a38539-786a-49a9-9de5-09b7d79f3f54","false"
"pendiente","300000","12","2027-07-12","180577.00349763","","0","6ab16a631bf57c876e36c720","119422.99650236999","232751.15690621058","","6ab2eb13c3ac3a79ef6e80eb","2026-09-22T20:54:43.293000","2026-09-22T20:54:43.293000","service_21a38539-786a-49a9-9de5-09b7d79f3f54","false"
"pendiente","300000","13","2027-08-12","232751.15690621058","","0","6ab16a631bf57c876e36c720","67248.8430741693","0","","6ab2eb13c3ac3a79ef6e80ec","2026-09-22T20:54:43.293000","2026-09-22T20:54:43.293000","service_21a38539-786a-49a9-9de5-09b7d79f3f54","false"
"pagada","257000","1","2026-09-01","249130","6ab2e553f8b9937cebbb4427","257000","6ab15ae33ca71e4a6fc48122","7870","88170","2026-09-01","6ab2e553faf8463a137455e6","2026-09-22T20:30:11.459000","2026-09-22T20:30:11.459000","service_21a38539-786a-49a9-9de5-09b7d79f3f54","false"
"pagada","240000","1","2026-09-01","0","6ab2e4f6b7bb57a6232a4970","240000","6ab16bc93314d01cd48ba40c","240000","1138000","2026-09-01","6ab2e4f62776b1a9f2153ed5","2026-09-22T20:28:38.472000","2026-09-22T20:28:38.472000","service_21a38539-786a-49a9-9de5-09b7d79f3f54","false"
"pagada","2000000","1","2026-09-01","2000000","6ab2e489ca98fcb8ae856f8b","2000000","6ab1587ca8e1cc815aa6a891","0","279140","2026-09-01","6ab2e48b74b6cf31b592ff0c","2026-09-22T20:26:51.543000","2026-09-22T20:26:51.543000","service_21a38539-786a-49a9-9de5-09b7d79f3f54","false"
"pagada","800000","1","2026-09-01","800000","6ab15c760a8d5361ae33dd5e","800000","6ab15bcb85f6c37b7acd67bf","0","1000000","2026-09-01","6ab15c7687bc22e61c3db166","2026-09-21T16:33:58.227000","2026-09-21T16:33:58.227000","service_21a38539-786a-49a9-9de5-09b7d79f3f54","false"
"vencida","1000000","1","2026-09-07","411484.2149613764","","0","6ab14f16224b63b1f89ac7fe","588515.7850386236","6588515.785038624","","6ab14f165d1d30788d016d64","2026-09-21T15:36:54.762000","2026-09-22T21:05:55.149000","service_21a38539-786a-49a9-9de5-09b7d79f3f54","false"
"vencida","1000000","2","2026-09-14","446079.2086469473","","0","6ab14f16224b63b1f89ac7fe","553920.7913530527","6142436.576391676","","6ab14f165d1d30788d016d65","2026-09-21T15:36:54.762000","2026-09-22T21:05:55.306000","service_21a38539-786a-49a9-9de5-09b7d79f3f54","false"
"vencida","1000000","3","2026-09-21","483582.7308849853","","0","6ab14f16224b63b1f89ac7fe","516417.2691150147","5658853.845506691","","6ab14f165d1d30788d016d66","2026-09-21T15:36:54.762000","2026-09-22T21:05:55.458000","service_21a38539-786a-49a9-9de5-09b7d79f3f54","false"
"pendiente","1000000","4","2026-09-28","524239.3123846851","","0","6ab14f16224b63b1f89ac7fe","475760.6876153149","5134614.533122006","","6ab14f165d1d30788d016d67","2026-09-21T15:36:54.762000","2026-09-21T15:36:54.762000","service_21a38539-786a-49a9-9de5-09b7d79f3f54","false"
"pendiente","1000000","5","2026-10-05","568314.042452711","","0","6ab14f16224b63b1f89ac7fe","431685.95754728897","4566300.490669295","","6ab14f165d1d30788d016d68","2026-09-21T15:36:54.762000","2026-09-21T15:36:54.762000","service_21a38539-786a-49a9-9de5-09b7d79f3f54","false"
"pendiente","1000000","6","2026-10-12","616094.2974302154","","0","6ab14f16224b63b1f89ac7fe","383905.7025697846","3950206.19323908","","6ab14f165d1d30788d016d69","2026-09-21T15:36:54.762000","2026-09-21T15:36:54.762000","service_21a38539-786a-49a9-9de5-09b7d79f3f54","false"
"pendiente","1000000","7","2026-10-19","667891.6144459243","","0","6ab14f16224b63b1f89ac7fe","332108.3855540757","3282314.5787931555","","6ab14f165d1d30788d016d6a","2026-09-21T15:36:54.762000","2026-09-21T15:36:54.762000","service_21a38539-786a-49a9-9de5-09b7d79f3f54","false"
"pendiente","1000000","8","2026-10-26","724043.7227025467","","0","6ab14f16224b63b1f89ac7fe","275956.27729745326","2558270.856090609","","6ab14f165d1d30788d016d6b","2026-09-21T15:36:54.762000","2026-09-21T15:36:54.762000","service_21a38539-786a-49a9-9de5-09b7d79f3f54","false"
"pendiente","1000000","9","2026-11-02","784916.7455409148","","0","6ab14f16224b63b1f89ac7fe","215083.25445908518","1773354.1105496942","","6ab14f165d1d30788d016d6c","2026-09-21T15:36:54.762000","2026-09-21T15:36:54.762000","service_21a38539-786a-49a9-9de5-09b7d79f3f54","false"
"pendiente","1000000","10","2026-11-09","850907.5876397681","","0","6ab14f16224b63b1f89ac7fe","149092.4123602319","922446.522909926","","6ab14f165d1d30788d016d6d","2026-09-21T15:36:54.762000","2026-09-21T15:36:54.762000","service_21a38539-786a-49a9-9de5-09b7d79f3f54","false"
"pendiente","1000000","11","2026-11-16","922446.522909926","","0","6ab14f16224b63b1f89ac7fe","77553.4770837834","0","","6ab14f165d1d30788d016d6e","2026-09-21T15:36:54.762000","2026-09-21T15:36:54.762000","service_21a38539-786a-49a9-9de5-09b7d79f3f54","false"
"parcial","20800000","1","2026-10-08","20000000","6ab40ef7928198ce1d90cd43","800000","6aa4359cb5fce2c9650519ce","784609.6908265299","0","2026-09-23","6aa4359c29d74efbd3f1bd73","2026-09-11T17:08:44.576000","2026-09-23T17:45:51.743000","service_21a38539-786a-49a9-9de5-09b7d79f3f54","false"
