"estado","periodo","conciliado_por_email","motivo_salto","fecha_conciliacion","saldo_anterior","fecha_pago","saldo_a_pagar","rendimientos_fecha","estado_conciliacion","total_lineas_banco","comisiones_fecha","pagado_automaticamente","cuota_manejo","lineas_conciliadas","comprobante_id","porcentaje_pagado","lineas_faltantes","fecha_pago_efectivo","intereses_mora","intereses_mora_fecha","rendimientos","total_abonado","otros_gastos","saldo_pendiente","total_lineas_sistema","otros_gastos_fecha","intereses_corrientes","intereses_corrientes_fecha","seguros_fecha","cashback","comisiones","diferencia_saldo","cuota_manejo_fecha","observaciones","producto_id","lineas_sobrantes","fecha_corte_anterior","cashback_fecha","saldo_sistema","saldo_a_favor","seguros","fecha_corte","id","created_date","updated_date","created_by_id","is_sample"
"pendiente_pago","2026-10","","","","2775719.39","2026-10-04","169110","","con_diferencias","2","","false","0","1","","0","1","","0","","0","0","0","169110","2","","0","","","0","0","-7889.39000000013","","","6a990dc2fd0d1e2fc524f968","1","","","-2598720","0","0","2026-09-15","6ab14eab654539c5052eeddc","2026-09-21T15:35:07.007000","2026-09-24T21:04:26.531000","service_21a38539-786a-49a9-9de5-09b7d79f3f54","false"
"pendiente_pago","2026-10","","","","807558.26","2026-10-04","1965710","","en_proceso","6","","false","50960","3","","0","3","","0","","0","0","0","1965710","6","","0","","","0","0","-17669.26000000001","2026-09-15","","6a9993da1a50e8d98c3bc7c2","0","","","1175821","0","0","2026-09-15","6ab14e0efddab6596f2ff4c9","2026-09-21T15:32:30.655000","2026-09-24T21:04:26.757000","service_21a38539-786a-49a9-9de5-09b7d79f3f54","false"
"pendiente_pago","2026-10","","","","0","2026-10-04","1841920","","con_diferencias","3","","false","0","0","","0","3","","0","","0","0","0","1841920","0","","0","","","0","0","1841920","","","6a99955fe459fcb2607f3853","0","2026-08-17","","0","0","0","2026-09-15","6ab14ce08ea259d8af355ff4","2026-09-21T15:27:28.858000","2026-09-24T21:04:26.987000","service_21a38539-786a-49a9-9de5-09b7d79f3f54","false"
"pendiente_pago","2026-10","multipagosstm@gmail.com","","2026-09-21","1249449","2026-10-04","3034042","","en_proceso","6","","false","0","6","","0","0","","0","","0","0","0","3034042","7","","0","","","0","0","'-2.3283064365386963e-10","","","6a99936061310219a4ffbed5","0","2026-08-17","","1784593.0000000002","0","0","2026-09-15","6ab14c56afe7422ea9017b8e","2026-09-21T15:25:10.232000","2026-09-24T21:04:27.286000","service_21a38539-786a-49a9-9de5-09b7d79f3f54","false"
"pagado","2026-10","","","","0","","0","","sin_iniciar","0","","true","0","0","","100","0","2026-09-21","0","","0","0","0","0","0","","0","","","0","0","0","","","6a997ee61b5059b9bc3e9f2b","0","2026-07-30","","0","0","0","2026-08-30","6ab14bc5a6e3ca298c51a907","2026-09-21T15:22:45.791000","2026-09-21T15:22:45.791000","service_21a38539-786a-49a9-9de5-09b7d79f3f54","false"
"pendiente_pago","2026-10","","","","8543255.04","2026-10-04","36990","","con_diferencias","10","","false","36990","5","","0","4","","0","","0","0","0","36990","8","","0","","","0","0","-5123255.039999999","2026-09-15","","6a999450a2f4aa1127e20aa6","2","2026-08-17","","-3383010","0","0","2026-09-15","6ab14b0aa04139c3236fe534","2026-09-21T15:19:38.680000","2026-09-24T21:04:27.615000","service_21a38539-786a-49a9-9de5-09b7d79f3f54","false"
"pagado","2026-10","","","","0","","0","","sin_iniciar","0","","true","0","0","","100","0","2026-09-21","0","","0","0","0","0","0","","0","","","0","0","0","","","6a99812be1691bac32b39285","0","2026-08-17","","0","0","0","2026-09-15","6ab14a2fc9ad3a271c8e588c","2026-09-21T15:15:59.090000","2026-09-21T15:15:59.090000","service_21a38539-786a-49a9-9de5-09b7d79f3f54","false"
"pendiente_pago","2026-09","","","","0","2026-09-09","34719.1","","con_diferencias","11","","false","31458.39","0","","0","2","","0","","0","0","0.17","34719.1","9","2026-08-17","10.54","2026-08-17","2026-08-17","0","0","-52887.77","2026-08-17","","6a99b786feefc930aca3db1a","0","2026-07-17","","87606.87","0","3250","2026-08-17","6aad8c87a33d9d0315562cae","2026-09-18T19:09:59.421000","2026-09-24T21:04:31.767000","service_21a38539-786a-49a9-9de5-09b7d79f3f54","false"
"pendiente_pago","2026-09","","","","13850165.95","2026-09-15","505000","","sin_iniciar","4","","false","0","0","","0","0","","0","","0","0","0","505000","0","","0","","","0","0","0","","","6aaae668d7ffa51832ad4de8","0","","","0","0","0","2026-09-16","6aacb9bfe56dbba724777c16","2026-09-18T04:10:39.298000","2026-09-24T21:04:32.013000","service_21a38539-786a-49a9-9de5-09b7d79f3f54","false"
"pendiente_pago","2026-09","","","","10977110.2","2026-10-01","52941.4","","sin_iniciar","6","","false","0","0","","0","0","","0","","0","0","0","52941.4","0","","0","","","0","0","0","","","6aaae668d7ffa51832ad4de7","0","","","0","0","0","2026-09-02","6aacb7bbb3afa9a756b2eb41","2026-09-18T04:02:03.572000","2026-09-24T21:04:32.248000","service_21a38539-786a-49a9-9de5-09b7d79f3f54","false"
"saltado","2026-09","","no hubo saldos ni extracto","","0","","0","","sin_iniciar","0","","false","0","0","","100","0","","0","","0","0","0","0","0","","0","","","0","0","0","","EXTRACTO SALTADO — no hubo saldos ni extracto","6a99b72505d5ef221310e0b6","0","","","0","0","0","","6aac5a2f17a94fca3edf88c8","2026-09-17T21:22:55.196000","2026-09-17T21:22:55.196000","6a6b7dc2514d6193f995c343","false"
"saltado","2026-09","","Esta tarjeta se va a inhabilitar y devolver","","0","","0","","sin_iniciar","0","","false","0","0","","100","0","","0","","0","0","0","0","0","","0","","","0","0","0","","EXTRACTO SALTADO — Esta tarjeta se va a inhabilitar y devolver","6a99b09dc3301c1ba55a526f","0","","","0","0","0","","6aac5a17bbc8353385e2840b","2026-09-17T21:22:31.178000","2026-09-17T21:22:31.178000","6a6b7dc2514d6193f995c343","false"
"pagado","2026-09","","","","0","","0","","sin_iniciar","0","","true","0","0","","100","0","2026-09-17","0","","0","0","0","0","0","","0","","","0","0","0","","","6a99812be1691bac32b39285","0","2026-08-05","","0","0","0","2026-08-17","6aac59c8810580a418e51c2f","2026-09-17T21:21:12.259000","2026-09-17T21:21:12.259000","service_21a38539-786a-49a9-9de5-09b7d79f3f54","false"
"pagado","2026-09","","","","612821.7","2026-09-16","911100","","con_diferencias","14","","true","32000","0","","100","11","2026-09-18","0","","0","911100","32000","0","3","2026-08-28","0","","2026-08-31","0","0","291473.30000000005","2026-08-28","","6a99b658951cbdbd2d76771b","2","2026-07-31","","6805","0","3180","2026-08-31","6aac56429a3408936f571aaa","2026-09-17T21:06:10.332000","2026-09-18T18:54:33.517000","service_21a38539-786a-49a9-9de5-09b7d79f3f54","false"
"pendiente_pago","2026-09","","","","70199893.24","2026-09-15","1170714.98","","en_proceso","10","","false","0","0","","49.799567782074504","0","","0","","0","583011","0","587703.98","0","","0","","","0","0","-69029178.25999999","","","6aaae668d7ffa51832ad4de6","0","","","0","0","0","2026-08-16","6aaae8fd96a5f801bb200474","2026-09-16T19:07:41.512000","2026-09-24T21:04:32.475000","service_21a38539-786a-49a9-9de5-09b7d79f3f54","false"
"pendiente_pago","2026-09","","","","10064319.16","2026-09-24","153579.16","","con_diferencias","6","","false","31990","1","","0","3","","0","","0","0","0","153579.16","3","","0","","2026-09-08","0","0","-10064320","2026-09-09","","6a99b3d7a2f3e77b8b052f4e","0","2026-08-10","","153580","0","2990","2026-09-09","6aaab1179544cea30e6b9abb","2026-09-16T15:09:11.928000","2026-09-24T21:04:32.887000","service_21a38539-786a-49a9-9de5-09b7d79f3f54","false"
"pagado","2026-09","","","","4108613.27","2026-09-15","62716","","con_diferencias","11","","true","0","1","","100.45283500223228","9","2026-09-17","0","","0","63000","0","-284","2","","62716.05","2026-08-30","","0","0","-4242613.32","","","6a998082172694d2eb5d8ce8","0","2026-07-30","","196716.05","284","0","2026-08-30","6aaaacac8662cce68b578be6","2026-09-16T14:50:20.608000","2026-09-17T16:43:25.903000","service_21a38539-786a-49a9-9de5-09b7d79f3f54","false"
"pagado","2099-99","","","","0","","0","","sin_iniciar","0","","true","0","0","","100","0","2026-09-15","0","","0","0","0","0","0","","0","","","0","0","0","","","test","0","","","0","0","0","","6aa991ad6fe3463cad0c7aa8","2026-09-15T18:42:53.663000","2026-09-15T18:42:53.663000","service_21a38539-786a-49a9-9de5-09b7d79f3f54","false"
"pagado","2026-09","","","","40000","2026-09-06","2716930","","con_diferencias","4","","true","40000","0","","100.17666999149775","2","2026-09-15","0","","0","2721730","0","-4800","2","","0","","2026-08-01","0","0","2632130","2026-08-10","","6a9997615bddd4e34fc4b9ad","0","2026-07-20","","44800","4800","4800","2026-08-20","6aa9911bd11bbe81a52a7c83","2026-09-15T18:40:27.976000","2026-09-15T18:41:12.968000","service_21a38539-786a-49a9-9de5-09b7d79f3f54","false"
"saltado","2026-09","","Tarjeta nueva, no tiene extracto para este mes","","0","","0","","sin_iniciar","0","","false","0","0","","100","0","","0","","0","0","0","0","0","","0","","","0","0","0","","EXTRACTO SALTADO — Tarjeta nueva, no tiene extracto para este mes","6aa98f6f01bae923d2b7f797","0","","","0","0","0","","6aa98f8d3110096881e1b22e","2026-09-15T18:33:49.972000","2026-09-15T18:33:49.972000","6a6b7dc2514d6193f995c343","false"
"pendiente_pago","2026-09","","","","934593","2026-09-24","350189","","con_diferencias","8","","false","15750","0","","0","6","","0","","0","0","0","350189","2","","0","","2026-09-08","0","0","-603144","2026-09-08","","6a99b38484e41fec86ccf2d7","0","2026-08-08","","18740","0","2990","2026-09-08","6aa98bff06187a1daf3bbbc3","2026-09-15T18:18:39.251000","2026-09-24T21:04:33.171000","service_21a38539-786a-49a9-9de5-09b7d79f3f54","false"
"pendiente_pago","2026-09","","","","10867953","2026-09-24","5815280","","con_diferencias","3","","false","0","0","","0","2","","0","","0","0","0","5815280","1","","0","","2026-09-08","0","0","-5058663","","","6a99b0ee4ae21d76d1727476","0","2026-08-08","","5990","0","5990","2026-09-08","6aa98a44bf986f425013fef5","2026-09-15T18:11:16.707000","2026-09-24T21:04:33.519000","service_21a38539-786a-49a9-9de5-09b7d79f3f54","false"
"saltado","2026-09","","No se pudo obtener","","0","","0","","sin_iniciar","0","","false","0","0","","100","0","","0","","0","0","0","0","0","","0","","","0","0","0","","EXTRACTO SALTADO — No se pudo obtener","6a99b6c85b46a90794eb4faf","0","","","0","0","0","","6aa978eefa936eb43330e324","2026-09-15T16:57:18.742000","2026-09-15T16:57:18.742000","6a6b7dc2514d6193f995c343","false"
"pagado","2026-09","","","","12582612","2026-09-13","0","","con_diferencias","12","","true","0","1","","100","8","2026-09-15","0","","0","0","286","0","4","2026-08-25","167","2026-08-05","","0","0","-13303065","","","6a99a40fa3eb64d87a0cf7e5","0","2026-07-25","","720453","0","0","2026-08-28","6aa978922c7f4db033a67ed3","2026-09-15T16:55:46.512000","2026-09-15T16:55:52.576000","service_21a38539-786a-49a9-9de5-09b7d79f3f54","false"
"pagado","2026-09","","","","53390","2026-09-15","1963280","","con_diferencias","7","","true","0","0","","100.34228434049142","7","2026-09-17","0","","0","1970000","0","-6720","0","","0","","","0","0","1909890","","","6a998c0ba702dfd9c42f3c5b","0","2026-07-30","","0","6720","0","2026-08-30","6aa9693b09d8403a1911cdee","2026-09-15T15:50:19.478000","2026-09-17T16:40:28.762000","service_21a38539-786a-49a9-9de5-09b7d79f3f54","false"
"pagado","2026-09","","","","7392932.71","2026-09-15","14387795","","con_diferencias","15","","true","0","0","","100","15","2026-09-15","0","","0","14387795","0","0","0","","0","","","0","0","6994862.29","","","6a998dd144c1114d6b554d31","0","2026-07-30","","0","0","0","2026-08-30","6aa96911b0cfc10922703538","2026-09-15T15:49:37.868000","2026-09-15T19:29:54.750000","service_21a38539-786a-49a9-9de5-09b7d79f3f54","false"
"pagado","2026-09","","","","0.54","2026-09-15","0","","en_proceso","0","","true","0","0","","100","0","2026-09-15","0","","0","0","0","0","0","","0","","","0","0","-0.54","","","6a9996c3dfff801069f244c1","0","2026-07-30","","0","0","0","2026-08-30","6aa9687092496245593e126e","2026-09-15T15:46:56.401000","2026-09-18T14:17:52.090000","service_21a38539-786a-49a9-9de5-09b7d79f3f54","false"
"pagado","2026-09","","","","0","","0","","sin_iniciar","0","","true","0","0","","100","0","2026-09-15","0","","0","0","0","0","0","","0","","","0","0","0","","","6a997ee61b5059b9bc3e9f2b","0","2026-07-30","","0","0","0","2026-08-30","6aa966bb64e0222f1de5c3eb","2026-09-15T15:39:39.611000","2026-09-15T15:56:45.801000","service_21a38539-786a-49a9-9de5-09b7d79f3f54","false"
"pagado","2026-09","","","","3220568","2026-09-15","0","","con_diferencias","1","","true","0","0","","100","1","2026-09-15","0","","0","0","0","0","0","","0","","","0","0","-3220568","","","6a998cdadb553f0c71384e6a","0","2026-07-30","","0","0","0","2026-08-30","6aa965b7033b8bd3a52c514b","2026-09-15T15:35:19.386000","2026-09-15T15:56:46.110000","service_21a38539-786a-49a9-9de5-09b7d79f3f54","false"
"pendiente_pago","2026-09","","","","1870469","2026-09-15","3839311","","con_diferencias","17","","false","0","0","","0","15","","0","","0","0","0","3839311","2","","140","2026-08-28","2026-08-28","0","0","1963212","","","6a99a32f43b9d400686c212d","0","2026-07-24","","5630","0","5490","2026-08-28","6aa95b79048e99ecfc0878f8","2026-09-15T14:51:37.805000","2026-09-24T21:04:33.752000","service_21a38539-786a-49a9-9de5-09b7d79f3f54","false"
"pagado","2026-09","","","","0","2026-09-07","113690","","con_diferencias","6","","true","0","0","","100","5","2026-09-15","0","","0","113690","0","0","1","","0","","2026-08-21","0","0","110400","","","6a99a1aa888eb7a9971bd537","0","2026-07-18","","3290","0","3290","2026-08-21","6aa95b2cd6c84f535e26b9ea","2026-09-15T14:50:20.596000","2026-09-15T15:26:43.960000","service_21a38539-786a-49a9-9de5-09b7d79f3f54","false"
"pendiente_pago","2026-09","","","","0","2026-09-07","2303070","","con_diferencias","7","","false","0","0","","0","6","","0","","0","0","0","2303070","1","","0","","2026-08-21","0","0","2298680","","","6a99a22d65f391ba5ea9c147","0","2026-07-17","","4390","0","4390","2026-08-21","6aa95ada45c4515c5864990d","2026-09-15T14:48:58.220000","2026-09-24T21:04:34.052000","service_21a38539-786a-49a9-9de5-09b7d79f3f54","false"
"pagado","2026-09","","","","0","2026-09-07","3721087","","con_diferencias","9","","true","0","0","","100.02453584127433","8","2026-09-15","0","","0","3722000","0","-913","2","","0","","2026-08-21","0","0","3622597","","","6a99a0f7cece7707c05ff490","1","2026-07-18","","98490","913","5490","2026-08-21","6aa95aae5e79af758ee15944","2026-09-15T14:48:14.287000","2026-09-15T15:26:44.487000","service_21a38539-786a-49a9-9de5-09b7d79f3f54","false"
"pagado","2026-09","","","","0","2026-09-06","1413130","","con_diferencias","4","","true","0","0","","100","3","2026-09-15","0","","0","1413130","0","0","1","","0","","2026-08-14","0","0","1408740","","","6a999ff4df0180526c81d8c8","0","2026-07-10","","4390","0","4390","2026-08-14","6aa95a78c94ff7b15a1f17d6","2026-09-15T14:47:20.138000","2026-09-15T15:26:44.785000","service_21a38539-786a-49a9-9de5-09b7d79f3f54","false"
"pagado","2026-09","","","","1434155","2026-09-14","2980914","","con_diferencias","25","","true","0","0","","100","24","2026-09-24","0","","0","2980914","0","0","1","","0","","2026-08-28","0","0","1541269","","","6a99a49712e11ee68987d163","0","2026-07-24","","5490","0","5490","2026-08-28","6aa958e4ecb2d1b8bce8b98b","2026-09-15T14:40:36.844000","2026-09-24T16:37:29.078000","service_21a38539-786a-49a9-9de5-09b7d79f3f54","false"
"pagado","2026-09","","","","0","2026-09-06","1140434","","con_diferencias","4","","true","0","0","","100","3","2026-09-15","0","","0","1140434","0","0","1","","0","","2026-08-14","0","0","1136044","","","6a999f522cfdd08324210a9e","0","2026-07-10","","4390","0","4390","2026-08-14","6aa9585caab266362ce6bfa5","2026-09-15T14:38:20.171000","2026-09-15T15:26:45.347000","service_21a38539-786a-49a9-9de5-09b7d79f3f54","false"
"pagado","2026-09","","","","145695","2026-09-06","663044","","con_diferencias","11","","true","0","0","","100","10","2026-09-15","0","","0","663044","0","0","1","","0","","2026-08-17","0","0","512449","","","6a999e792000a32e605a85e0","0","","","4900","0","4900","2026-08-17","6aa957a490330e1e2cf4b9d9","2026-09-15T14:35:16.985000","2026-09-15T15:26:45.607000","service_21a38539-786a-49a9-9de5-09b7d79f3f54","false"
"pendiente_pago","2026-09","","","","48823","2026-09-06","63920","","con_diferencias","9","","false","0","0","","0","8","","0","","0","0","0","63920","3","","0","","2026-08-17","0","0","397","","","6a9af4991055eb2f28af45a0","2","","","14700","0","4900","2026-08-17","6aa954eed6e07646bb881bd3","2026-09-15T14:23:42.614000","2026-09-24T21:04:34.290000","service_21a38539-786a-49a9-9de5-09b7d79f3f54","false"
"pendiente_pago","2026-09","","","","1143043","2026-09-24","5605990","","con_diferencias","3","","false","0","0","","0","2","","0","","0","0","0","5605990","1","","0","","2026-09-08","0","0","4456957","","","6a99abfc2b736d1c4a0c4faa","0","2026-08-08","","5990","0","5990","2026-09-08","6aa818b1f04052cdaced537d","2026-09-14T15:54:25.382000","2026-09-24T21:04:34.564000","service_21a38539-786a-49a9-9de5-09b7d79f3f54","false"
"pendiente_pago","2026-09","","","","3004600","2026-09-24","1473550","","con_diferencias","3","","false","0","0","","0","2","","0","","0","0","0","1473550","1","","0","","2026-09-08","0","0","-1535040","","","6a99a8b1ab530ec80aafc0b7","0","2026-08-08","","3990","0","3990","2026-09-08","6aa817fc79c0a9f2b4382afa","2026-09-14T15:51:24.963000","2026-09-24T21:04:34.795000","service_21a38539-786a-49a9-9de5-09b7d79f3f54","false"
"pendiente_pago","2026-09","","","","166809","2026-09-24","333360","","con_diferencias","11","","false","0","0","","0","10","","0","","0","0","0","333360","1","","0","","2026-09-08","0","0","163561","","","6a99b2c1a13e8ff703c5ead1","0","2026-08-08","","2990","0","2990","2026-09-08","6aa817855454b1649b881da8","2026-09-14T15:49:25.121000","2026-09-24T21:04:35.107000","service_21a38539-786a-49a9-9de5-09b7d79f3f54","false"
"pendiente_pago","2026-09","","","","1285589","2026-09-24","4158090","","con_diferencias","9","","false","0","0","","37.27673042190044","8","","0","","0","1550000","0","2608090","1","","0","","2026-09-08","0","0","2867511","","","6a99b1387e9247e66d56169a","0","2026-08-08","","4990","0","4990","2026-09-08","6aa81711132f85e7e2f9d12e","2026-09-14T15:47:29.786000","2026-09-24T21:04:35.336000","service_21a38539-786a-49a9-9de5-09b7d79f3f54","false"
"pendiente_pago","2026-09","","","","1053680","2026-09-24","2325310","","con_diferencias","8","","false","0","0","","0","7","","0","","0","0","0","2325310","1","","0","","2026-09-08","0","0","1267640","","","6a99ae5192d8c4868fb67612","0","2026-08-08","","3990","0","3990","2026-09-08","6aa8168b23718ed542d66623","2026-09-14T15:45:15.051000","2026-09-24T21:04:35.567000","service_21a38539-786a-49a9-9de5-09b7d79f3f54","false"
"pendiente_pago","2026-09","","","","3025444","2026-09-24","1761053","","en_proceso","13","","false","0","0","","0","11","","0","","0","0","0","1761053","3","","27499","2026-09-08","2026-09-08","0","0","-2316003","","","6a99a67225c68b86fb4edbae","1","2026-08-08","","1051612","0","3990","2026-09-08","6aa8155e678b5e5baae68d8c","2026-09-14T15:40:14.661000","2026-09-24T21:04:35.835000","service_21a38539-786a-49a9-9de5-09b7d79f3f54","false"
"pendiente_pago","2026-09","","","","3801108","2026-09-24","40557","","en_proceso","8","","false","0","0","","0","6","","0","","0","0","0","40557","2","","38566","2026-09-08","2026-09-08","0","0","-3801107","","","6a99a5d9056b5afe58934680","0","2026-08-08","","40556","0","1990","2026-09-08","6aa812d1a361594e8a3793a4","2026-09-14T15:29:21.787000","2026-09-24T21:04:36.144000","service_21a38539-786a-49a9-9de5-09b7d79f3f54","false"
"pendiente_pago","2026-09","","","","886852","2026-09-24","6005990","","con_diferencias","4","","false","0","0","","0","3","","0","","0","0","0","6005990","1","","0","","2026-09-08","0","0","5113148","","","6a99a6d8a2142aa7c956016b","0","2026-08-08","","5990","0","5990","2026-09-08","6aa80fe282372d1765ce9628","2026-09-14T15:16:50.158000","2026-09-24T21:04:36.417000","service_21a38539-786a-49a9-9de5-09b7d79f3f54","false"
"pendiente_pago","2026-09","","","","6600205","2026-09-24","7381441","","con_diferencias","10","","false","0","0","","0","8","","0","","0","0","0","7381441","2","","0","","2026-09-08","0","0","754746","","","6a99b1a8ea91b7880408ba2d","0","2026-08-08","","26490","0","5990","2026-09-08","6aa80f37fe959b4c6b9cb0d3","2026-09-14T15:13:59.343000","2026-09-24T21:04:36.621000","service_21a38539-786a-49a9-9de5-09b7d79f3f54","false"
"pagado","2026-09","","","","549849","2026-09-09","475365","","con_diferencias","6","","true","13000","0","","100","3","2026-09-10","0","","0","475365","0","0","3","","0","","2026-08-24","0","0","-100399","2026-08-24","","6a99b302f8802a93dd4b2321","0","2026-07-24","","25915","0","2990","2026-08-24","6aa310ae4d329a03196e2431","2026-09-10T20:18:54.004000","2026-09-10T21:26:37.748000","service_21a38539-786a-49a9-9de5-09b7d79f3f54","false"
"pagado","2026-09","","","","6138118","2026-09-04","2660302","","con_diferencias","8","","true","0","0","","100","5","2026-09-10","0","","0","2660302","0","0","3","","767","2026-08-19","2026-08-19","0","0","-4076473","","","6a99b214d89d2a7b7731bca1","0","2026-07-19","","598657","0","4990","2026-08-19","6aa305ca2fe0095b93905fa9","2026-09-10T19:32:26.173000","2026-09-10T19:32:33.517000","service_21a38539-786a-49a9-9de5-09b7d79f3f54","false"
"pagado","2026-09","","","","15820538.25","2026-08-31","5184450.07","","con_diferencias","6","","true","0","0","","100.01060729667708","4","2026-09-04","0","","0","5185000","0","-549.929999999702","2","","108501.82","2026-08-15","2026-08-15","0","0","-10748790","","","6a9b0308e880b7724d48e099","0","2026-07-15","","112701.82","549.929999999702","4200","2026-08-15","6a9b03168f2645c64436bd7a","2026-09-04T17:42:46.130000","2026-09-04T17:53:58.313000","service_21a38539-786a-49a9-9de5-09b7d79f3f54","false"
"pendiente_pago","2026-09","","","","15820538.25","2026-08-31","5184450.07","","sin_iniciar","6","","false","0","0","","0","0","","0","","0","0","0","5184450.07","0","","108501.82","2026-08-15","2026-08-15","0","0","0","","","6a99b4f41a630363a66e3928","0","2026-07-15","","0","0","4200","2026-08-15","6a9afccb5603d8ee5318063f","2026-09-04T17:15:55.046000","2026-09-24T21:04:36.874000","service_21a38539-786a-49a9-9de5-09b7d79f3f54","false"
"pendiente_pago","2026-09","","","","10977941.56","2026-09-09","5112842.56","","con_diferencias","7","","false","0","0","","99.85910851125446","5","","0","","0","5105639","0","7203.55999999959","2","","167","2026-08-24","2026-08-23","0","0","-5871256.000000001","","","6a99b48ef15d8c8d294f2fc9","0","2026-07-24","","6157","0","5990","2026-08-24","6a9afa63bf177dec53dee700","2026-09-04T17:05:39.948000","2026-09-24T21:04:37.195000","service_21a38539-786a-49a9-9de5-09b7d79f3f54","false"
"pendiente_pago","2026-09","","","","6578782","2026-09-14","11826796","","con_diferencias","17","","false","0","0","","50.896498087901406","15","","0","","0","6019425","0","5807371","2","","0","","2026-08-29","0","0","5209104","","","6a99b3416822a59d5d49510c","0","2026-07-29","","38910","0","5990","2026-08-29","6a9af94fe310cee2921d7081","2026-09-04T17:01:03.421000","2026-09-24T21:04:37.452000","service_21a38539-786a-49a9-9de5-09b7d79f3f54","false"
"pagado","2026-09","","","","1263652","2026-09-07","753565","","con_diferencias","10","","true","34758","0","","100","8","2026-09-09","0","","0","753565","0","0","2","","0","","2026-08-21","0","0","-549235","2026-08-21","","6a99a562dac5eeb926e852f5","0","2026-07-17","","39148","0","4390","2026-08-21","6a9af78df9c7f0e0ff7bddee","2026-09-04T16:53:33.285000","2026-09-09T16:01:23.735000","service_21a38539-786a-49a9-9de5-09b7d79f3f54","false"
"pagado","2026-09","","","","-50305","2026-09-06","1249549","","con_diferencias","24","2026-07-20","true","0","0","","100","20","2026-09-09","0","","0","1249549","0","0","4","","0","","2026-08-17","0","202","1289650","","","6a999899ab869c7b3dceaa6e","0","","","10204","0","4900","2026-08-17","6a9ad83c68cafd6d3c195f9a","2026-09-04T14:39:56.577000","2026-09-09T15:59:14.365000","service_21a38539-786a-49a9-9de5-09b7d79f3f54","false"
"pagado","2026-09","","","","3324973.39","2026-09-01","2775720","","con_diferencias","5","","true","0","0","","100","5","2026-09-04","0","","0","2775720","0","0","0","","0","","","0","0","-549253.3900000001","","","6a990dc2fd0d1e2fc524f968","0","2026-07-15","","0","0","0","2026-08-17","6a9a027ea3a893cbed06d417","2026-09-03T23:27:58.553000","2026-09-04T17:59:36.637000","service_21a38539-786a-49a9-9de5-09b7d79f3f54","false"
"pagado","2026-09","","","","47756969.37","2026-09-01","807559","","con_diferencias","8","","true","50960","0","","100","7","2026-09-04","0","","0","807559","0","0","1","","0","","","0","0","-47000370.37","2026-08-17","","6a9993da1a50e8d98c3bc7c2","0","2026-07-15","","50960","0","0","2026-08-17","6a9a023ac8bc2893975e2f46","2026-09-03T23:26:50.796000","2026-09-04T20:19:02.930000","service_21a38539-786a-49a9-9de5-09b7d79f3f54","false"
"pagado","2026-09","","","","5000000","2026-09-01","0","","con_diferencias","2","","true","0","0","","100","2","2026-09-15","0","","0","0","0","0","0","","0","","","0","0","-5000000","","","6a99955fe459fcb2607f3853","0","2026-07-15","","0","0","0","2026-08-17","6a9a01f68be7a39fc7171853","2026-09-03T23:25:42.300000","2026-09-15T15:56:50.015000","service_21a38539-786a-49a9-9de5-09b7d79f3f54","false"
"pagado","2026-09","","","","7886449.88","2026-09-01","1249450","","en_proceso","6","","true","0","0","","100","6","2026-09-04","0","","0","1249450","0","0","0","","0","","","0","0","-6636999.88","","","6a99936061310219a4ffbed5","0","2026-07-15","","0","0","0","2026-08-17","6a9a01b6e238a24f8bc97a89","2026-09-03T23:24:38.411000","2026-09-15T17:03:59.876000","service_21a38539-786a-49a9-9de5-09b7d79f3f54","false"
"pendiente_pago","2026-09","","","","54654100.04","2026-09-01","8543256","","en_proceso","33","","false","36990","0","","94.40325796160153","0","","0","","0","8065112","0","478144","0","","0","","","0","0","-46110844.04","2026-08-17","","6a999450a2f4aa1127e20aa6","0","2026-07-14","","0","0","0","2026-08-17","6a99ff5790ff704e688ea65a","2026-09-03T23:14:31.977000","2026-09-24T21:04:37.673000","service_21a38539-786a-49a9-9de5-09b7d79f3f54","false"
"pagado","2026-09","","","","16258.89","2026-09-15","16259","","en_proceso","2","","true","0","0","","100","2","2026-09-17","0","","0","16259","0","0","0","","0","","","0","0","0.11000000000058208","","","6a9992f7cffd03e02f213eb9","0","2026-07-30","","0","0","0","2026-08-30","6a99f4559565ec25032933ea","2026-09-03T22:27:33.762000","2026-09-17T16:30:00.113000","service_21a38539-786a-49a9-9de5-09b7d79f3f54","false"
"pagado","2026-09","","","","2635760.62","2026-09-15","0","","en_proceso","3","","true","0","0","","100","3","2026-09-15","0","","0","0","0","0","0","","0","","","0","0","-2635760.62","","","6a998ebdde711478bb3cb7dc","0","2026-07-30","","0","0","0","2026-08-30","6a99f3f426c6f4a531b2fd54","2026-09-03T22:25:56.890000","2026-09-18T14:17:41.580000","service_21a38539-786a-49a9-9de5-09b7d79f3f54","false"
