"descripcion","estado","inquilino_id","tipo_propiedad","notas","direccion","valor_arriendo","tipo_contrato","valor_deposito","nombre","id","created_date","updated_date","created_by_id","is_sample"
"","ocupado","6a8efbb3bd8b936b281f879e","propio","","CLL 46C CRA 66ª - 3 APTO 202 BARRIO VILLA LUZ","740000","EDIFICIO","370000","Aleke 202","6a8efb1ec5f80c016147a34a","2026-08-26T14:41:34.256000","2026-08-26T14:44:06.142000","6a6b7dc2514d6193f995c343","false"
"","ocupado","6a8efa6f47ec7baf311833f9","propio","","CLL 46C CRA 66ª - 3 APTO 201 BARRIO VILLA LUZ","740000","EDIFICIO","370000","Aleke 201","6a8efa1e75bb42ecf1d5233b","2026-08-26T14:37:18.041000","2026-08-26T14:38:41.971000","6a6b7dc2514d6193f995c343","false"
"","ocupado","6a8eff03af2c0c1939ce80cf","propio","","CLL 46C CRA 66ª - 3 APTO 301 BARRIO VILLA LUZ","680000","EDIFICIO","340000","Aleke 301","6a8ef4bd4845d2b52588ce66","2026-08-26T14:14:21.564000","2026-08-26T14:59:31.993000","6a6b7dc2514d6193f995c343","false"
"","ocupado","6a8efc51c9814a051ca25b1d","propio","","CRA 66A #46ª - 30 PISO 2 URBANIZACION VILLA LUZ","680000","EDIFICIO","340000","Aleke 203","6a8ef495bed3b670bda29180","2026-08-26T14:13:41.627000","2026-08-26T14:47:18.535000","6a6b7dc2514d6193f995c343","false"
"","ocupado","6a8ef9a11090d72bdcca7ce4","propio","","CRA 66A #46ª - 30 PISO 1 URBANIZACION VILLA LUZ","660000","EDIFICIO","330000","Aleke 103","6a8ef449d51e0043742de5b6","2026-08-26T14:12:25.545000","2026-08-26T14:35:15.289000","6a6b7dc2514d6193f995c343","false"
"","ocupado","6a8ef7fa0ceb34fc9a97f11b","propio","","CLL 46C CRA 66ª - 3 APTO 102 BARRIO VILLA LUZ","680000","EDIFICIO","340000","Aleke 102","6a8ef430355e53e8f7a48965","2026-08-26T14:12:00.058000","2026-08-26T14:28:12.390000","6a6b7dc2514d6193f995c343","false"
"","ocupado","6a8f020366d6ed7eed95018b","propio","","CLL 46C CRA 66ª - 3 APTO 401 BARRIO VILLA LUZ","680000","EDIFICIO","340000","Aleke 401","6a8ef24a8db78c9bb6406e32","2026-08-26T14:03:54.643000","2026-08-26T15:11:01.367000","6a6b7dc2514d6193f995c343","false"
"","ocupado","6a8f03fe8f554bb2c378ca34","propio","","CR 66 CL 46C - 20 TO 28 APTO 102 EL7893 PARQUE BOLIVAR 1","750000","EDIFICIO","375000","Parque Bolivar 1","6a8ef237fbd52d081853ca44","2026-08-26T14:03:35.494000","2026-08-26T15:19:27.868000","6a6b7dc2514d6193f995c343","false"
"","disponible","","propio","","CLL 46C CRA 66ª - 3 APTO 402 BARRIO VILLA LUZ","740000","EDIFICIO","370000","Aleke 402","6a8ef213527394b957b4f85b","2026-08-26T14:02:59.997000","2026-08-26T14:02:59.997000","6a6b7dc2514d6193f995c343","false"
"","ocupado","6a8f035fcc2e286db2df78f6","propio","","CLL 47A #31-48 T 6 AP 106 CONJUNTO RESIDECIAL VENECIA","1300000","VENECIA","650000","Venecia","6a84c668bcfd7b071f65696b","2026-08-18T20:54:00.887000","2026-08-26T15:16:49.066000","6a6b7dc2514d6193f995c343","false"
"","ocupado","6a8f0164860f518c08f86e4b","propio","","CLL 46C CRA 66ª - 3 APTO 302 BARRIO VILLA LUZ","750000","EDIFICIO","375000","Aleke 302","6a84c59ca4a841c49379a7b7","2026-08-18T20:50:36.928000","2026-08-26T15:08:22.145000","6a6b7dc2514d6193f995c343","false"
"","ocupado","6a8ef68182f67182a297d27b","propio","","CLL 46C CRA 66ª - 3 APTO 101 BARRIO VILLA LUZ","680000","EDIFICIO","340000","Aleke 101","6a84c2bd931cf2f0417c5e98","2026-08-18T20:38:21.579000","2026-08-26T14:23:41.164000","6a6b7dc2514d6193f995c343","false"
