"objetivo_cantidad","estado","codigo_interno","fecha_inicio","nombre_tarjeta","fecha_fin","banco","objetivo_valor","nota","producto_credito_id","id","created_date","updated_date","created_by_id","is_sample"
"3","activa","BB001","2026-09-09","TDC - 1845","2027-03-09","BB","0","","6a9997615bddd4e34fc4b9ad","6aa1e1e4681dd467ea62effb","2026-09-09T22:47:00.635000","2026-09-09T22:47:00.635000","6a6b7dc2514d6193f995c343","false"
"0","activa","FA002","2026-09-09","TDC - 4924","2027-03-09","FA","1500000","","6a99b48ef15d8c8d294f2fc9","6aa19ceffdf92c50ec236569","2026-09-09T17:52:47.429000","2026-09-09T17:52:47.429000","6a6b7dc2514d6193f995c343","false"
"0","activa","FA001","2026-09-09","TDC - 5801","2027-03-09","FA","1500000","","6a99b3d7a2f3e77b8b052f4e","6aa19cd7503021a9d0e629d2","2026-09-09T17:52:23.696000","2026-09-09T17:52:23.696000","6a6b7dc2514d6193f995c343","false"
"0","activa","IT001","2026-09-09","TDC - 0277","2027-03-09","IT","2000000","","6a9b0308e880b7724d48e099","6aa19cbb80153047f6edb74c","2026-09-09T17:51:55.295000","2026-09-09T17:51:55.295000","6a6b7dc2514d6193f995c343","false"
"0","activa","BA001","2026-09-09","TDC - 9538","2027-03-09","BA","150000","","6a990dc2fd0d1e2fc524f968","6aa19c9eca3d1d49a7d31108","2026-09-09T17:51:26.653000","2026-09-09T17:51:26.653000","6a6b7dc2514d6193f995c343","false"
"0","activa","DA008","2026-09-09","TDC - 0604","2027-03-09","DA","3300000","","6a99b0ee4ae21d76d1727476","6aa19c7d29a19a73e9fbf97f","2026-09-09T17:50:53.992000","2026-09-09T17:50:53.992000","6a6b7dc2514d6193f995c343","false"
"0","activa","DA009","2026-09-09","TDC - 6025","2027-03-09","DA","1000000","","6a99b1387e9247e66d56169a","6aa19c4eb4ff3760f3f93414","2026-09-09T17:50:06.476000","2026-09-09T17:50:06.476000","6a6b7dc2514d6193f995c343","false"
"0","activa","DA014","2026-09-09","TDC - 2607","2027-03-09","DA","500000","","6a99b302f8802a93dd4b2321","6aa19c34edf21047d4a39dee","2026-09-09T17:49:40.055000","2026-09-09T17:49:40.055000","6a6b7dc2514d6193f995c343","false"
"0","activa","DA002","2026-09-09","TDC - 9468","2027-03-09","DA","500000","","6a99a67225c68b86fb4edbae","6aa19c07e48154d45e4d5a6a","2026-09-09T17:48:55.378000","2026-09-09T17:48:55.378000","6a6b7dc2514d6193f995c343","false"
"5","activa","DA010","2026-09-09","TDC - 0122","2027-03-09","DA","0","","6a99b1a8ea91b7880408ba2d","6aa19baff388c599e480b1a6","2026-09-09T17:47:27.677000","2026-09-09T17:47:27.677000","6a6b7dc2514d6193f995c343","false"
"0","activa","DA004","2026-09-09","TDC - 4446","2027-03-09","DA","1000000","","6a99a8b1ab530ec80aafc0b7","6aa19b9dec307b9cc4b47e41","2026-09-09T17:47:09.729000","2026-09-09T17:47:09.729000","6a6b7dc2514d6193f995c343","false"
"0","activa","DA006","2026-09-09","TDC - 5349","2027-03-09","DA","500000","","6a99ae5192d8c4868fb67612","6aa19b086ceea29afae8e123","2026-09-09T17:44:40.371000","2026-09-09T17:44:40.371000","6a6b7dc2514d6193f995c343","false"
"0","activa","DA011","2026-09-09","TDC - 4758","2027-03-09","DA","2000000","","6a99b214d89d2a7b7731bca1","6aa19ac93fca4e9dd0411e06","2026-09-09T17:43:37.422000","2026-09-09T17:43:37.422000","6a6b7dc2514d6193f995c343","false"
"0","activa","DA005","2026-09-09","TDC - 4545","2027-03-09","DA","1000000","","6a99abfc2b736d1c4a0c4faa","6aa19a80ca3d1d49a7d30ca7","2026-09-09T17:42:24.837000","2026-09-09T17:42:24.837000","6a6b7dc2514d6193f995c343","false"
"0","activa","DA003","2026-09-09","TDC - 3104","2027-03-09","DA","1000000","","6a99a6d8a2142aa7c956016b","6aa19a605adb3fa05c6d647a","2026-09-09T17:41:52.844000","2026-09-09T17:41:52.844000","6a6b7dc2514d6193f995c343","false"
"0","activa","DA016","2026-09-09","TDC - 2509","2027-03-09","DA","1000000","","6a99b38484e41fec86ccf2d7","6aa19a3e8a63b295674467e5","2026-09-09T17:41:18.799000","2026-09-09T17:41:18.799000","6a6b7dc2514d6193f995c343","false"
"7","activa","DA013","2026-09-09","TDC - 6848","2027-03-09","DA","0","","6a99b2c1a13e8ff703c5ead1","6aa19a0bf1e50214f7a59804","2026-09-09T17:40:27.113000","2026-09-09T17:40:27.113000","6a6b7dc2514d6193f995c343","false"
"5","activa","DA015","2026-09-09","TDC - 8892","2027-03-09","DA","0","","6a99b3416822a59d5d49510c","6aa199e89682d524de28af20","2026-09-09T17:39:52.658000","2026-09-09T17:39:52.658000","6a6b7dc2514d6193f995c343","false"
"7","activa","CO003","2026-09-09","TDC - 9581","2027-03-09","CO","0","","6a99a0f7cece7707c05ff490","6aa199c590e925b964bfc764","2026-09-09T17:39:17.450000","2026-09-09T17:39:17.450000","6a6b7dc2514d6193f995c343","false"
"7","activa","CO005","2026-09-09","TDC - 3223","2027-03-09","CO","0","","6a99a22d65f391ba5ea9c147","6aa199a7280438b36dcb1d98","2026-09-09T17:38:47.472000","2026-09-09T17:38:47.472000","6a6b7dc2514d6193f995c343","false"
"7","activa","CO004","2026-09-09","TDC - 2764","2027-03-09","CO","0","","6a99a1aa888eb7a9971bd537","6aa19981779622bdde90c1aa","2026-09-09T17:38:09.564000","2026-09-09T17:38:09.564000","6a6b7dc2514d6193f995c343","false"
"0","activa","CO008","2026-09-09","TDC - 1538","2027-03-09","CO","400000","","6a99a49712e11ee68987d163","6aa19955c6b56001709c7ff2","2026-09-09T17:37:25.092000","2026-09-09T17:37:25.092000","6a6b7dc2514d6193f995c343","false"
"0","activa","CO001","2026-09-09","TDC - 4345","2027-03-09","CO","400000","","6a999f522cfdd08324210a9e","6aa19937a46ef13cc907a7f5","2026-09-09T17:36:55.661000","2026-09-09T17:36:55.661000","6a6b7dc2514d6193f995c343","false"
"7","activa","CO006","2026-09-09","TDC - 2959","2027-03-09","CO","0","","6a99a32f43b9d400686c212d","6aa19915d08f417087812172","2026-09-09T17:36:21.164000","2026-09-09T17:36:21.164000","6a6b7dc2514d6193f995c343","false"
"0","activa","CO002","2026-09-09","TDC - 3862","2027-03-09","CO","400000","","6a999ff4df0180526c81d8c8","6aa198e9db042d3bfdb74b06","2026-09-09T17:35:37.968000","2026-09-09T17:35:37.968000","6a6b7dc2514d6193f995c343","false"
"3","activa","BO004","2026-09-09","TDC - 7382","2027-03-09","BO","0","","6a999e792000a32e605a85e0","6aa198a386e7f404465cd1f1","2026-09-09T17:34:27.591000","2026-09-09T17:34:27.591000","6a6b7dc2514d6193f995c343","false"
"3","activa","BO001","2026-09-09","TDC - 3864","2027-03-09","BO","0","","6a9af4991055eb2f28af45a0","6aa1986323d696c6ca7e5a5c","2026-09-09T17:33:23.970000","2026-09-09T17:33:23.970000","6a6b7dc2514d6193f995c343","false"
"4","activa","BO003","2026-09-09","TDC - 5674","2027-03-09","BO","0","","6a99997de5b8e4aa0c0b315e","6aa1984439d64db5d4ca26e9","2026-09-09T17:32:52.043000","2026-09-09T17:32:52.043000","6a6b7dc2514d6193f995c343","false"
"3","activa","BO002","2026-09-09","TDC - 4932","2027-03-09","BO","0","","6a999899ab869c7b3dceaa6e","6aa198180969cc0595eabd87","2026-09-09T17:32:08.955000","2026-09-09T17:32:08.955000","6a6b7dc2514d6193f995c343","false"
"0","activa","PO001","2026-09-09","TDC - 5403","2027-03-09","PO","600000","","6a99b658951cbdbd2d76771b","6aa17d5f82e89a0b9d00f20b","2026-09-09T15:38:07.618000","2026-09-09T15:38:07.618000","6a6b7dc2514d6193f995c343","false"
