"contrato_id","inquilino_id","estado","valor_esperado","periodo","fecha_vencimiento","dias_mora","notas","fecha_pago_real","inmueble_id","comprobante_id","valor_pagado","saldo_restante","id","created_date","updated_date","created_by_id","is_sample"
"6a8eff446c43e3594b8cde33","6a8eff03af2c0c1939ce80cf","pendiente","700000","2026-09","2026-09-02","0","","","6a8ef4bd4845d2b52588ce66","","0","0","6ab14f9902d177f81243d89a","2026-09-21T15:39:05.653000","2026-09-21T15:39:05.653000","service_21a38539-786a-49a9-9de5-09b7d79f3f54","false"
"6a8ef6ec6343144ba575e182","6a8ef68182f67182a297d27b","pendiente","680000","2026-09","2026-09-06","0","","","6a84c2bd931cf2f0417c5e98","","0","0","6aa97793f9c315f3450b9903","2026-09-15T16:51:31.847000","2026-09-15T16:51:31.847000","service_21a38539-786a-49a9-9de5-09b7d79f3f54","false"
"6a8ef9a2730f78bffaaa75f3","6a8ef9a11090d72bdcca7ce4","pendiente","660000","2026-09","2026-09-14","0","","","6a8ef449d51e0043742de5b6","","0","0","6a9b316eee8635bf1cd1ff38","2026-09-04T21:00:30.314000","2026-09-04T21:00:30.314000","service_21a38539-786a-49a9-9de5-09b7d79f3f54","false"
"6a8efc71b97a92ce5a6beb14","6a8efc51c9814a051ca25b1d","pendiente","680000","2026-09","2026-09-13","0","","","6a8ef495bed3b670bda29180","","0","0","6a9b31167eb4e1a2173e4124","2026-09-04T20:59:02.115000","2026-09-04T20:59:02.115000","service_21a38539-786a-49a9-9de5-09b7d79f3f54","false"
"6a8f0360a2cf905181dcf504","6a8f035fcc2e286db2df78f6","pendiente","1400000","2026-09","2026-09-28","0","","","6a84c668bcfd7b071f65696b","","0","0","6a9b30a44ade25b57294a50b","2026-09-04T20:57:08.646000","2026-09-04T20:57:08.646000","service_21a38539-786a-49a9-9de5-09b7d79f3f54","false"
"6a8efbb575d1f67b630e0b87","6a8efbb3bd8b936b281f879e","pendiente","740000","2026-07","2026-07-14","0","","","6a8efb1ec5f80c016147a34a","","0","0","6a8f105a33e46081c5a8b81d","2026-08-26T16:12:10.520000","2026-08-26T16:12:10.520000","service_21a38539-786a-49a9-9de5-09b7d79f3f54","false"
"6a8f03ff2ab59a9f8fc20939","6a8f03fe8f554bb2c378ca34","pendiente","800000","2026-09","2026-09-26","0","","","6a8ef237fbd52d081853ca44","","0","0","6a8f0f9c9e2d994d47194509","2026-08-26T16:09:00.421000","2026-08-26T16:09:00.421000","service_21a38539-786a-49a9-9de5-09b7d79f3f54","false"
"6a8efa713c9cb39be3edd81e","6a8efa6f47ec7baf311833f9","pendiente","740000","2026-06","2026-06-30","0","","","6a8efa1e75bb42ecf1d5233b","","0","0","6a8f0ef56d34e4bb57b34039","2026-08-26T16:06:13.317000","2026-08-26T16:06:13.317000","service_21a38539-786a-49a9-9de5-09b7d79f3f54","false"
"6a8f0360a2cf905181dcf504","6a8f035fcc2e286db2df78f6","pagado","1400000","2026-08","2026-08-28","6","","2026-09-03","6a84c668bcfd7b071f65696b","6a9b30a30e39e3b3043e40de","1400000","0","6a8f0e9c47dbb003cbf56573","2026-08-26T16:04:44.650000","2026-09-04T20:57:08.498000","service_21a38539-786a-49a9-9de5-09b7d79f3f54","false"
"6a8f03ff2ab59a9f8fc20939","6a8f03fe8f554bb2c378ca34","pagado","800000","2026-08","2026-08-26","0","","2026-08-23","6a8ef237fbd52d081853ca44","6a8f0f9b024f4a98a868db9a","800000","0","6a8f03ffb051f2c6484005a3","2026-08-26T15:19:27.924000","2026-08-26T16:09:00.289000","service_21a38539-786a-49a9-9de5-09b7d79f3f54","false"
"6a8f0360a2cf905181dcf504","6a8f035fcc2e286db2df78f6","pagado","1400000","2026-07","2026-07-28","7","Arriendo mes julio ","2026-08-04","6a84c668bcfd7b071f65696b","6a8f0e98646760dbc9a4fcbc","1400000","0","6a8f0361ab4db21c07c328db","2026-08-26T15:16:49.198000","2026-08-26T16:04:43.936000","service_21a38539-786a-49a9-9de5-09b7d79f3f54","false"
"6a8f020513876c3c51a1ed71","6a8f020366d6ed7eed95018b","pendiente","680000","2026-08","2026-08-26","0","","","6a8ef24a8db78c9bb6406e32","","0","0","6a8f02055fd7940c88b257ff","2026-08-26T15:11:01.496000","2026-08-26T15:11:01.496000","service_21a38539-786a-49a9-9de5-09b7d79f3f54","false"
"6a8f016566de5e2d19da4ae4","6a8f0164860f518c08f86e4b","parcial","750000","2026-07","2026-07-05","50","","2026-08-24","6a84c59ca4a841c49379a7b7","6a8f10ac6875cde836940863","740000","10000","6a8f01664f240dd1f911348c","2026-08-26T15:08:22.233000","2026-08-26T16:13:32.720000","service_21a38539-786a-49a9-9de5-09b7d79f3f54","false"
"6a8f0049056cdd9559aafd75","6a8f0048fd301b5548f8b129","condonado","780000","2026-07","2026-07-05","0","","","6a8ef24a8db78c9bb6406e32","","0","0","6a8f00492b05091934381754","2026-08-26T15:03:37.684000","2026-08-26T15:06:41.494000","service_21a38539-786a-49a9-9de5-09b7d79f3f54","false"
"6a8eff446c43e3594b8cde33","6a8eff03af2c0c1939ce80cf","pagado","700000","2026-08","2026-08-02","45","Arriendo que estaba pendiente por pagar del mes de noviembre del año pasado ","2026-09-16","6a8ef4bd4845d2b52588ce66","6ab14f98c1e7c0fbcc4b9555","720000","0","6a8eff5757e9604e49a6100c","2026-08-26T14:59:35.269000","2026-09-21T15:39:05.430000","service_21a38539-786a-49a9-9de5-09b7d79f3f54","false"
"6a8efc71b97a92ce5a6beb14","6a8efc51c9814a051ca25b1d","pagado","680000","2026-08","2026-08-13","20","","2026-09-02","6a8ef495bed3b670bda29180","6a9b311409303deb2ef5507c","720000","0","6a8efc7b9716f2477950a7c2","2026-08-26T14:47:23.132000","2026-09-04T20:59:01.988000","service_21a38539-786a-49a9-9de5-09b7d79f3f54","false"
"6a8efbb575d1f67b630e0b87","6a8efbb3bd8b936b281f879e","pagado","740000","2026-06","2026-06-14","71","","2026-08-24","6a8efb1ec5f80c016147a34a","6a8f1059ee3cc5e867be6718","740000","0","6a8efbb633d8a833e5131ae2","2026-08-26T14:44:06.237000","2026-08-26T16:12:10.311000","service_21a38539-786a-49a9-9de5-09b7d79f3f54","false"
"6a8efa713c9cb39be3edd81e","6a8efa6f47ec7baf311833f9","pagado","740000","2026-05","2026-05-30","86","","2026-08-24","6a8efa1e75bb42ecf1d5233b","6a8f0ef43ba778d7d03cf15b","740000","0","6a8efa72c62cfcdad6aad860","2026-08-26T14:38:42.094000","2026-08-26T16:06:13.096000","service_21a38539-786a-49a9-9de5-09b7d79f3f54","false"
"6a8ef9a2730f78bffaaa75f3","6a8ef9a11090d72bdcca7ce4","pagado","660000","2026-08","2026-08-14","19","","2026-09-02","6a8ef449d51e0043742de5b6","6a9b316d8df16aa53e9af5b9","700000","0","6a8ef9a34240247549f012b4","2026-08-26T14:35:15.359000","2026-09-04T21:00:30.033000","service_21a38539-786a-49a9-9de5-09b7d79f3f54","false"
"6a8ef7fcc5a0eafdb0af2f63","6a8ef7fa0ceb34fc9a97f11b","pendiente","680000","2026-08","2026-08-28","0","","","6a8ef430355e53e8f7a48965","","0","0","6a8ef7fc4617a71fbf7f57f5","2026-08-26T14:28:12.461000","2026-08-26T14:28:12.461000","service_21a38539-786a-49a9-9de5-09b7d79f3f54","false"
"6a8ef6ec6343144ba575e182","6a8ef68182f67182a297d27b","pagado","680000","2026-08","2026-08-06","34","","2026-09-09","6a84c2bd931cf2f0417c5e98","6aa9779306fc51154491dcd8","680000","0","6a8ef6ed302011d510885448","2026-08-26T14:23:41.317000","2026-09-15T16:51:31.682000","service_21a38539-786a-49a9-9de5-09b7d79f3f54","false"
"6a8ef6846abef7417ba7ddc3","6a8ef68182f67182a297d27b","condonado","680000","2026-08","2026-08-06","0","","","6a8ef4bd4845d2b52588ce66","","0","0","6a8ef690153eaba2e7decd8f","2026-08-26T14:22:08.478000","2026-08-26T14:23:16.089000","service_21a38539-786a-49a9-9de5-09b7d79f3f54","false"
