"codigo","capital","estado","periodo","saldo_intereses","notas","tasa_efectiva_anual","total_intereses","fecha_proximo_pago","modelo","saldo_capital","valor_proximo_pago","tasa_nominal","fecha_prestamo","fecha_ultimo_abono","subcuenta_intereses","total_a_pagar","subcuenta_cartera","numero_cuotas","comprobante_id","cuota_fija","cliente_id","tasa_efectiva_periodo","id","created_date","updated_date","created_by_id","is_sample"
"PK-024","4569750","vigente","mensual","827526","","1.5181701168189803","365580","2026-10-16","mes_vencido","3838590","307087.2","0.08","2026-07-16","2026-09-16","410503","4935330","120506","1","6ab47803b5cd479a12d31dd1","0","6ab477c8b794f2a88b0a3c68","0.08","6ab47804948091e8d146b6df","2026-09-24T01:08:20.143000","2026-09-24T01:14:43.089000","service_21a38539-786a-49a9-9de5-09b7d79f3f54","false"
"PK-023","2400000","saldado","mensual","0","","0.12682503013196977","24000.000000000022","2026-10-01","cuota_fija","0","2424000","0.01","2026-08-31","2026-09-19","410503","2424000","120506","1","6ab2f2cee168cc4426645cfa","2424000","6ab2ef9cd6240e3d4e862b4c","0.010000000000000009","6ab2f2cf486b0b2f53749717","2026-09-22T21:27:43.048000","2026-09-22T21:40:35.159000","service_21a38539-786a-49a9-9de5-09b7d79f3f54","false"
"PK-022","700000","saldado","mensual","0","","3.964818353813995","99999.99999993747","","cuota_fija","0","0","0.14285714285705353","2026-08-15","2026-09-14","410503","800000","120506","1","6ab2f1b629e3fd0f691bf526","800000","6a99c893f647dc1079b0897a","0.14285714285705353","6ab2f1b7d0cefce857cbeb8e","2026-09-22T21:23:03.420000","2026-09-22T21:24:31.632000","service_21a38539-786a-49a9-9de5-09b7d79f3f54","false"
"PK-021","2373400","vigente","mensual","0","","0.4257608868461793","71202.00000000006","2026-10-10","cuota_fija","2373400","2444602.0000000033","0.03","2026-09-10","","410503","2444602.0000000033","120506","1","6ab2f10e2861fa9728c6f3a4","2444602.0000000033","6ab2ef9cd6240e3d4e862b4c","0.030000000000000027","6ab2f10f6957eafcd386b3f4","2026-09-22T21:20:15.369000","2026-09-22T21:40:35.967000","service_21a38539-786a-49a9-9de5-09b7d79f3f54","false"
"PK-020","8071763","en_mora","quincenal","0","","0.7958563260221301","1412558.5250000001","2026-09-17","mes_vencido","8071763","199332.80554943532","0.05","2026-09-02","","410503","9484321.525","120506","6","6ab2e9ae9352fb37a8c62475","0","6a99c8845176075fb0e30ba4","0.02469507659595993","6ab2e9b01ee5d0197200dddd","2026-09-22T20:48:48.955000","2026-09-22T21:40:37.252000","service_21a38539-786a-49a9-9de5-09b7d79f3f54","false"
"PK-019","216800","en_mora","mensual","0","","2.138428376721003","21680","2026-02-18","mes_vencido","216800","238480","0.1","2026-01-18","","410503","238480","120506","1","6ab1775235e64f33bd369fc6","0","6a99edd4ecd8f682cdf96936","0.1","6ab1775285f05d2fd2aaf56b","2026-09-21T18:28:34.990000","2026-09-22T21:40:37.362000","service_21a38539-786a-49a9-9de5-09b7d79f3f54","false"
"PK-018","600000","en_mora","mensual","0","","2.138428376721003","60000","2025-11-11","mes_vencido","600000","660000","0.1","2025-10-11","","410503","660000","120506","1","6ab176a45c91b81080a673d4","0","6a99c865dd4927ada6004856","0.1","6ab176a4d27dc42e6daa7516","2026-09-21T18:25:40.612000","2026-09-22T21:40:37.419000","service_21a38539-786a-49a9-9de5-09b7d79f3f54","false"
"PK-017","3506717","en_mora","mensual","0","","2.138428376721003","350671.7","2025-08-31","mes_vencido","3506717","350671.7","0.1","2025-07-31","","410503","3857388.7","120506","1","6ab1765ef803ddbf4101db9c","0","6a99c8162deaee28a967bfd6","0.1","6ab1765ec91a1e7fb3ae1ff8","2026-09-21T18:24:30.742000","2026-09-22T21:40:37.523000","service_21a38539-786a-49a9-9de5-09b7d79f3f54","false"
"PK-016","1516473","en_mora","mensual","0","","2.138428376721003","151647.30000000002","2025-08-31","mes_vencido","1516473","151647.30000000002","0.1","2025-07-31","","410503","1668120.3","120506","1","6ab1762158f1e369954b2ee2","0","6a99c8162deaee28a967bfd6","0.1","6ab176227a61f1fc0496b898","2026-09-21T18:23:30.123000","2026-09-22T21:40:37.747000","service_21a38539-786a-49a9-9de5-09b7d79f3f54","false"
"PK-015","2000000","en_mora","mensual","0","","2.138428376721003","200000","2026-04-18","mes_vencido","2000000","2200000","0.1","2026-03-18","","410503","2200000","120506","1","6ab175c34a12f398b03704c0","0","6ab1757dd24c6f980b057899","0.1","6ab175c430f46d4e396dfd85","2026-09-21T18:21:56.404000","2026-09-22T21:40:37.816000","service_21a38539-786a-49a9-9de5-09b7d79f3f54","false"
"PK-014","2500000","en_mora","mensual","0","","2.138428376721003","250000","2026-06-16","mes_vencido","2500000","2750000","0.1","2026-05-16","","410503","2750000","120506","1","6ab1754039b3f4d09a927607","0","6a99c76af84dc5790f226cd1","0.1","6ab17540a4a09d0a654b096a","2026-09-21T18:19:44.545000","2026-09-22T21:40:37.928000","service_21a38539-786a-49a9-9de5-09b7d79f3f54","false"
"PK-013","3782000","saldado","mensual","25813.33333333349","","2.138428376721003","378200","2026-10-04","mes_vencido","0","0","0.1","2026-06-04","2026-09-04","410503","4160200","120506","1","6ab1745d54c3a42f0333fabd","0","6a99cbfbb22af34bf892335a","0.1","6ab1745e23f864d0834c0c3f","2026-09-21T18:15:58.127000","2026-09-24T01:23:01.301000","service_21a38539-786a-49a9-9de5-09b7d79f3f54","false"
"PK-012","1138000","vigente","mensual","0","","2.138428376721003","113800","2026-10-01","mes_vencido","1138000","113800","0.1","2026-07-10","2026-09-01","410503","1251800","120506","1","6ab16bc96d56116b5c14a10d","0","6ab16b9462a9b7945aa22b8b","0.1","6ab16bc93314d01cd48ba40c","2026-09-21T17:39:21.913000","2026-09-22T21:40:36.098000","service_21a38539-786a-49a9-9de5-09b7d79f3f54","false"
"PK-011","1200000","vigente","mensual","0","","2.138428376721003","120000","2026-10-02","mes_vencido","480000","48000","0.1","2026-06-24","2026-09-02","410503","1320000","120506","1","6ab16aeb9d089b477f16569c","0","6a98f44b9b09c658c8ff8f87","0.1","6ab16aec2888362a97a26546","2026-09-21T17:35:40.361000","2026-09-22T21:40:36.243000","service_21a38539-786a-49a9-9de5-09b7d79f3f54","false"
"PK-010","1000000","en_mora","mensual","0","","20.025816802238353","2899999.9999803803","2026-08-12","cuota_fija","1000000","300000","0.2889302204468436","2026-07-12","","410503","3900000","120506","13","6ab16a6375ccdb4fb5549094","300000","6a99c7df338e7e68ab0bd053","0.2889302204468436","6ab16a631bf57c876e36c720","2026-09-21T17:33:23.728000","2026-09-22T21:40:38.144000","service_21a38539-786a-49a9-9de5-09b7d79f3f54","false"
"PK-009","436000","en_mora","mensual","0","","2.138428376721003","43600","2026-09-14","mes_vencido","436000","479600","0.1","2026-08-14","","410503","479600","120506","1","6ab15d109bab0d8339a93b14","0","6a99c7b0db25e0f80651e401","0.1","6ab15d1190e7f58c3f7e4dfa","2026-09-21T16:36:33.049000","2026-09-22T21:40:38.276000","service_21a38539-786a-49a9-9de5-09b7d79f3f54","false"
"PK-008","1800000","vigente","mensual","0","","2.138428376721003","180000","2026-10-01","mes_vencido","1000000","100000","0.1","2026-09-02","2026-09-01","410503","1980000","120506","1","6ab15bcaff1c694fa4e18fb6","0","6a99edd4ecd8f682cdf96935","0.1","6ab15bcb85f6c37b7acd67bf","2026-09-21T16:31:07.454000","2026-09-22T21:40:36.406000","service_21a38539-786a-49a9-9de5-09b7d79f3f54","false"
"PK-007","337300","vigente","mensual","0.33333333333393966","","2.138428376721003","33730","2026-10-01","mes_vencido","88170","8817","0.1","2026-08-25","2026-09-01","410503","371030","120506","1","6ab15ae30f243ef926c16ebd","0","6a99edd4ecd8f682cdf96935","0.1","6ab15ae33ca71e4a6fc48122","2026-09-21T16:27:15.749000","2026-09-22T21:40:36.543000","service_21a38539-786a-49a9-9de5-09b7d79f3f54","false"
"PK-006","554100","vigente","mensual","0","","2.138428376721003","55410","2026-09-26","mes_vencido","554100","609510","0.1","2026-08-26","","410503","609510","120506","1","6ab159260a8d5361ae33d726","0","6a99edd4ecd8f682cdf96934","0.1","6ab15927b6f241a50bdcd6fc","2026-09-21T16:19:51.131000","2026-09-22T21:40:36.657000","service_21a38539-786a-49a9-9de5-09b7d79f3f54","false"
"PK-005","2279140","vigente","mensual","0","","1.5181701168189803","182331.2","2026-10-01","mes_vencido","279140","22331.2","0.08","2026-09-21","2026-09-01","410503","2461471.2","120506","1","6ab1587bbb67a772546d0883","0","6a99c83c8fd2b72202198c71","0.08","6ab1587ca8e1cc815aa6a891","2026-09-21T16:17:00.396000","2026-09-22T21:40:36.776000","service_21a38539-786a-49a9-9de5-09b7d79f3f54","false"
"PK-004","4000000","en_mora","mensual","0","","2.138428376721003","400000","2024-01-12","mes_vencido","4000000","4400000","0.1","2023-12-12","","410503","4400000","120506","1","6ab1579c5d9f78b631d1c714","0","6ab1576c0e724d5f5104b25a","0.1","6ab1579d023cc15bd4ff9f9d","2026-09-21T16:13:17.225000","2026-09-22T21:40:38.425000","service_21a38539-786a-49a9-9de5-09b7d79f3f54","false"
"PK-003","7000000","en_mora","semanal","0","","65.53615428038667","3999999.9999937085","2026-09-07","cuota_fija","7000000","1000000","0.41880096316527426","2026-08-31","","410503","11000000","120506","11","6ab14f16634e0745b185b04b","1000000","6a99c857331f32fa1047639e","0.08407368357694622","6ab14f16224b63b1f89ac7fe","2026-09-21T15:36:54.684000","2026-09-22T21:40:38.648000","service_21a38539-786a-49a9-9de5-09b7d79f3f54","false"
"PK-002","20000000","vigente","quincenal","0","Prórroga 2026-09-23: +15 días → nuevo vence 2026-10-08","1.5181701168189803","784609.6908265299","2026-10-08","cuota_fija","20000000","20800000","0.08","2026-09-08","2026-09-23","410503","20800000","120506","1","6aa4359b78174f16cef21cd7","20800000","6a99c7d1c5586b91f5d9ac96","0.039230484541326494","6aa4359cb5fce2c9650519ce","2026-09-11T17:08:44.441000","2026-09-23T17:45:52.170000","service_21a38539-786a-49a9-9de5-09b7d79f3f54","false"
"PK-001","1000000","vigente","mensual","0","","2.138428376721003","350000.00000000006","2026-10-03","mes_vencido","1000000","100000.00000000009","0.1","2026-09-03","","410503","1350000","120506","6","6aa434bf5ad8af3d6640d8ad","0","6a99c7eea1c0b8131447f7cb","0.10000000000000009","6aa434c0984a62c72978a441","2026-09-11T17:05:04.946000","2026-09-22T21:40:37.194000","service_21a38539-786a-49a9-9de5-09b7d79f3f54","false"
