"tipo","titular_id","corte_dia_semana","estado","version_anterior_id","saldo_favor_acumulado","version_consecutivo","corte_modo","categoria","subcuenta_puc","operacion_fecha","banco","saldo","operacion","operacion_detalle","nombre","codigo_interno","nomenclatura","numero_completo","corte_semana","version_padre_id","franquicia","cupo","fecha_corte","id","created_date","updated_date","created_by_id","is_sample"
"LIB","6a98f5b7ab409033bb50562f","","activo","","0","1","dia_fijo","","21050204","2026-09-16T18:56:40.051Z","DA","0","creacion","Producto de crédito bancario creado","LIB - 2026","DA2026","LIB - 2026","2026","","","","0","1","6aaae668d7ffa51832ad4de8","2026-09-16T18:56:40.181000","2026-09-16T18:56:40.181000","6a6b7dc2514d6193f995c343","false"
"CR","6a98f5b7ab409033bb50562f","","activo","","0","1","dia_fijo","","21050203","2026-09-16T18:56:40.051Z","DA","0","creacion","Producto de crédito bancario creado","CR - 3626","DA3626","CR - 3626","3626","","","","0","1","6aaae668d7ffa51832ad4de7","2026-09-16T18:56:40.180000","2026-09-16T18:56:40.180000","6a6b7dc2514d6193f995c343","false"
"LIB","6a98f5b7ab409033bb50562f","","activo","","0","1","dia_fijo","","21050103","2026-09-16T18:56:40.051Z","BA","0","creacion","Producto de crédito bancario creado","LIB - 3867","BA3867","LIB - 3867","3867","","","","0","1","6aaae668d7ffa51832ad4de4","2026-09-16T18:56:40.180000","2026-09-16T18:56:40.180000","6a6b7dc2514d6193f995c343","false"
"LIB","6a98f5b7ab409033bb50562f","","activo","","0","1","dia_fijo","","21050201","2026-09-16T18:56:40.051Z","DA","0","creacion","Producto de crédito bancario creado","LIB - 6277","DA6277","LIB - 6277","6277","","","","0","1","6aaae668d7ffa51832ad4de5","2026-09-16T18:56:40.180000","2026-09-16T18:56:40.180000","6a6b7dc2514d6193f995c343","false"
"LIB","6a98f5b7ab409033bb50562f","","activo","","0","1","dia_fijo","","21050102","2026-09-16T18:56:40.051Z","BA","0","creacion","Producto de crédito bancario creado","LIB - 2535","BA2535","LIB - 2535","2535","","","","0","1","6aaae668d7ffa51832ad4de3","2026-09-16T18:56:40.180000","2026-09-16T18:56:40.180000","6a6b7dc2514d6193f995c343","false"
"LIB","6a98f5b7ab409033bb50562f","","activo","","0","1","dia_fijo","","21050101","2026-09-16T18:56:40.051Z","BA","0","creacion","Producto de crédito bancario creado","LIB - 5426","BA5426","LIB - 5426","5426","","","","0","1","6aaae668d7ffa51832ad4de2","2026-09-16T18:56:40.180000","2026-09-16T18:56:40.180000","6a6b7dc2514d6193f995c343","false"
"CH","6a98f586e826fc0c9dc1a431","","activo","","0","1","dia_fijo","","21050202","2026-09-16T18:56:40.051Z","DA","583011","creacion","Producto de crédito bancario creado — fecha_corte corregida a 16 según extracto 2026-09","CH - 4298","DA4298","CH - 4298","571111320001429-8","","","","0","16","6aaae668d7ffa51832ad4de6","2026-09-16T18:56:40.180000","2026-09-24T16:41:22.528000","6a6b7dc2514d6193f995c343","false"
"TDC","6a98f394673a207abc88d40f","0","activo","","0","1","dia_fijo","Signature","21100116","2026-09-15T18:33:18.771Z","BA","0","creacion","Creación inicial","TDC - 3166","BA016","BA016","4594-2505-1770-3166","0","","Visa","20000000","30","6aa98f6f01bae923d2b7f797","2026-09-15T18:33:19.087000","2026-09-15T18:33:19.087000","service_21a38539-786a-49a9-9de5-09b7d79f3f54","false"
"TDC","6a98f5b7ab409033bb50562f","0","activo","","0","1","dia_fijo","Clásica","21101405","2026-09-08T18:43:03.128Z","BO","1190994","creacion","Creación inicial","TDC - 7686","BO005","BO005","5536-6100-6563-7686","0","","Mastercard","0","1","6aa0573738c268077ce20cec","2026-09-08T18:43:03.617000","2026-09-08T21:04:50.572000","service_21a38539-786a-49a9-9de5-09b7d79f3f54","false"
"TDC","6a98f5b7ab409033bb50562f","0","activo","6a99b4f41a630363a66e3928","0","2","dia_fijo","Signature","21101501","2026-09-04T17:42:31.842Z","IT","-5072298.18","reemplazo","Reemplazo de plástico. Anterior: TDC - 0277 (IT001)","TDC - 0277","IT001","IT001-2","4859-9100-0083-0277","0","6a99b4f41a630363a66e3928","Visa","27900000","15","6a9b0308e880b7724d48e099","2026-09-04T17:42:32.913000","2026-09-08T00:54:25.543000","service_21a38539-786a-49a9-9de5-09b7d79f3f54","false"
"TDC","6a98f419906ee21f6cde3cab","0","activo","6a99980f8feca850cf2bf1b8","0","2","dia_fijo","Clásica","21101401","2026-09-04T16:40:55.325Z","BO","14700","reemplazo","Reemplazo de plástico. Anterior: TDC - 3864 (BO001)","TDC - 3864","BO001","BO001-2","4916-1700-1953-3864","0","6a99980f8feca850cf2bf1b8","Visa","1500000","15","6a9af4991055eb2f28af45a0","2026-09-04T16:40:57.630000","2026-09-21T14:56:07.872000","service_21a38539-786a-49a9-9de5-09b7d79f3f54","false"
"TDC","6a98f5b7ab409033bb50562f","0","activo","","0","1","dia_fijo","Platinum","21101102","2026-09-03T18:08:05.675Z","TU","52886.53","creacion","Creación inicial","TDC - 3911","TU002","TU002","5265-1761-0370-3911","0","","Mastercard","14700000","17","6a99b786feefc930aca3db1a","2026-09-03T18:08:06.083000","2026-09-21T14:56:47.034000","service_21a38539-786a-49a9-9de5-09b7d79f3f54","false"
"TDC","6a98f586e826fc0c9dc1a431","0","activo","","0","1","dia_fijo","Platinum","21101101","2026-09-03T18:06:28.833Z","TU","0","creacion","Creación inicial","TDC - 0651","TU001","TU001","5265-1745-5024-0651","0","","Mastercard","10850000","9","6a99b72505d5ef221310e0b6","2026-09-03T18:06:29.255000","2026-09-03T18:06:29.255000","service_21a38539-786a-49a9-9de5-09b7d79f3f54","false"
"TDC","6a98f3cd2f0c74160ca1493c","0","activo","","0","1","dia_fijo","Clásica","21101601","2026-09-03T18:04:56.316Z","SE","0","creacion","Creación inicial","TDC - 4376","SE001","SE001","5432-8064-4540-4376","0","","Mastercard","2000000","23","6a99b6c85b46a90794eb4faf","2026-09-03T18:04:56.845000","2026-09-03T18:04:56.845000","service_21a38539-786a-49a9-9de5-09b7d79f3f54","false"
"TDC","6a98f3f2b2ab7e8afdf8ec95","0","activo","","0","1","dia_fijo","Clásica","21100901","2026-09-03T18:03:04.200Z","PO","-260185","creacion","Creación inicial","TDC - 5403","PO001","PO001","5361-7099-1124-5403","0","","Mastercard","3200000","30","6a99b658951cbdbd2d76771b","2026-09-03T18:03:04.621000","2026-09-18T18:54:32.531000","service_21a38539-786a-49a9-9de5-09b7d79f3f54","false"
"TDC","6a98f3cd2f0c74160ca1493c","0","activo","","0","1","dia_fijo","","21100801","2026-09-03T18:02:09.115Z","OC","0","creacion","Creación inicial","TDC - 2683","OC001","OC001","5162-8200-8163-2683","0","","Mastercard","1913000","1","6a99b6210c008c1ac3f16f56","2026-09-03T18:02:09.815000","2026-09-03T18:02:09.815000","service_21a38539-786a-49a9-9de5-09b7d79f3f54","false"
"TDC","6a98f370e7ff24e87b272441","0","activo","","0","1","dia_fijo","Estándar","21100702","2026-09-03T18:00:09.642Z","NU","0","creacion","Creación inicial","TDC - 1047","NU002","NU002","5558-2563-9145-1047","0","","Mastercard","3100000","18","6a99b5aa9d4394b2c6f2ed75","2026-09-03T18:00:10.249000","2026-09-03T18:00:10.249000","service_21a38539-786a-49a9-9de5-09b7d79f3f54","false"
"TDC","6a98f5b7ab409033bb50562f","0","activo","","0","1","dia_fijo","Oro","21100701","2026-09-03T17:58:16.780Z","NU","0","creacion","Creación inicial","TDC - 6502","NU001","NU001","5558-2548-5983-6502","0","","Mastercard","4300000","30","6a99b539a964bea0cddd1523","2026-09-03T17:58:17.196000","2026-09-03T17:58:17.196000","service_21a38539-786a-49a9-9de5-09b7d79f3f54","false"
"TDC","6a98f5b7ab409033bb50562f","0","inactivo","","0","1","dia_fijo","Signature","21101501","2026-09-03T17:57:07.463Z","IT","231301.82","creacion","Reemplazada por IT001-2 el 2026-09-04","TDC - 0277","IT001","IT001","4859-9100-0083-0277","0","","Visa","27900000","15","6a99b4f41a630363a66e3928","2026-09-03T17:57:08.146000","2026-09-18T15:59:29.678000","service_21a38539-786a-49a9-9de5-09b7d79f3f54","false"
"TDC","6a98f586e826fc0c9dc1a431","0","activo","","0","1","dia_fijo","Clásica","21101202","2026-09-03T17:55:26.185Z","FA","-5099482","creacion","Creación inicial","TDC - 4924","FA002","FA002","5282-0991-7298-4924","0","","Mastercard","14700000","24","6a99b48ef15d8c8d294f2fc9","2026-09-03T17:55:26.632000","2026-09-24T16:36:32.095000","service_21a38539-786a-49a9-9de5-09b7d79f3f54","false"
"TDC","6a98f5b7ab409033bb50562f","0","activo","","0","1","dia_fijo","Estándar","21101201","2026-09-03T17:52:22.629Z","FA","6111920","creacion","Creación inicial","TDC - 5801","FA001","FA001","5282-0972-4582-5801","0","","Mastercard","8600000","9","6a99b3d7a2f3e77b8b052f4e","2026-09-03T17:52:23.185000","2026-09-24T16:27:02.701000","service_21a38539-786a-49a9-9de5-09b7d79f3f54","false"
"TDC","6a98f3cd2f0c74160ca1493c","5","activo","","0","1","dia_fijo","Otro","21100216","2026-09-03T17:51:00.237Z","DA","701744","creacion","Creación inicial","TDC - 2509","DA016","DA016","3603-2478-9725-09","1","","Diners Club","2800000","8","6a99b38484e41fec86ccf2d7","2026-09-03T17:51:00.657000","2026-09-24T16:29:49.743000","service_21a38539-786a-49a9-9de5-09b7d79f3f54","false"
"TDC","6a98f5b7ab409033bb50562f","5","activo","","0","1","dia_semana","Clásica","21100215","2026-09-03T17:49:52.830Z","DA","-4938605","creacion","Creación inicial","TDC - 8892","DA015","DA015","4410-8000-0433-8892","4","","Visa","56000000","25","6a99b3416822a59d5d49510c","2026-09-03T17:49:53.221000","2026-09-24T16:36:07.011000","service_21a38539-786a-49a9-9de5-09b7d79f3f54","false"
"TDC","6a98f419906ee21f6cde3cab","5","activo","","0","1","dia_semana","Clásica","21100214","2026-09-03T17:48:50.651Z","DA","-449450","creacion","Creación inicial","TDC - 2607","DA014","DA014","5471-3060-4393-2607","3","","Mastercard","4800000","18","6a99b302f8802a93dd4b2321","2026-09-03T17:48:50.971000","2026-09-10T20:18:56.885000","service_21a38539-786a-49a9-9de5-09b7d79f3f54","false"
"TDC","6a98f3f2b2ab7e8afdf8ec95","5","activo","","0","1","dia_fijo","Oro","21100213","2026-09-03T17:47:44.681Z","DA","-79460","creacion","Creación inicial","TDC - 6848","DA013","DA013","4916-4751-4649-6848","1","","Visa","10700000","8","6a99b2c1a13e8ff703c5ead1","2026-09-03T17:47:45.114000","2026-09-24T16:30:14.233000","service_21a38539-786a-49a9-9de5-09b7d79f3f54","false"
"TDC","6a98f5b7ab409033bb50562f","5","inactivo","","0","1","dia_semana","Black","21100212","2026-09-03T17:46:24.221Z","DA","0","creacion","Creación inicial","TDC - 6856","DA012","DA012","5523-3600-6525-6856","1","","Visa","18700000","4","6a99b270ea6c71b81b635e57","2026-09-03T17:46:24.692000","2026-09-15T16:41:10.084000","service_21a38539-786a-49a9-9de5-09b7d79f3f54","false"
"TDC","6a98f586e826fc0c9dc1a431","1","activo","","0","1","dia_semana","Black","21100211","2026-09-03T17:44:52.216Z","DA","-2061645","creacion","Creación inicial","TDC - 4758","DA011","DA011","5523-3600-4581-4758","3","","Mastercard","21200000","21","6a99b214d89d2a7b7731bca1","2026-09-03T17:44:52.719000","2026-09-10T19:32:29.682000","service_21a38539-786a-49a9-9de5-09b7d79f3f54","false"
"TDC","6a98f4b92ead03ed4ffe5eb6","5","activo","","0","1","dia_fijo","Signature","21100210","2026-09-03T17:43:03.989Z","DA","-3547141","creacion","Creación inicial","TDC - 0122","DA010","DA010","4410-8045-6345-0122","1","","Visa","23800000","8","6a99b1a8ea91b7880408ba2d","2026-09-03T17:43:04.456000","2026-09-24T16:32:09.996000","service_21a38539-786a-49a9-9de5-09b7d79f3f54","false"
"TDC","6a98f44b9b09c658c8ff8f87","5","activo","","0","1","dia_semana","Oro","21100209","2026-09-03T17:41:11.783Z","DA","23960","creacion","Creación inicial","TDC - 6025","DA009","DA009","4559-8376-7876-6025","4","","Visa","5300000","25","6a99b1387e9247e66d56169a","2026-09-03T17:41:12.188000","2026-09-21T15:46:18.567000","service_21a38539-786a-49a9-9de5-09b7d79f3f54","false"
"TDC","6a98f5b7ab409033bb50562f","5","activo","","0","1","dia_semana","Signature","21100208","2026-09-03T17:39:58.261Z","DA","1909740","creacion","Creación inicial","TDC - 0604","DA008","DA008","4471-9873-2326-0604","1","","Visa","30300000","4","6a99b0ee4ae21d76d1727476","2026-09-03T17:39:58.736000","2026-09-24T16:29:20.788000","service_21a38539-786a-49a9-9de5-09b7d79f3f54","false"
"TDC","6a98f30767b838abe34d9d46","0","inactivo","","0","1","dia_fijo","Clásica","21100207","2026-09-03T17:38:37.041Z","DA","0","creacion","Creación inicial","TDC - 1928","DA007","DA007","4258-1735-5338-1928","0","","Visa","7000000","8","6a99b09dc3301c1ba55a526f","2026-09-03T17:38:37.502000","2026-09-17T21:22:31.516000","service_21a38539-786a-49a9-9de5-09b7d79f3f54","false"
"TDC","6a98f2e42665cda10340d60f","5","activo","","0","1","dia_semana","Otro","21100206","2026-09-03T17:28:49.034Z","DA","-2107581","creacion","Creación inicial","TDC - 5349","DA006","DA006","3603-2439-7653-49","1","","Diners Club","4300000","4","6a99ae5192d8c4868fb67612","2026-09-03T17:28:49.451000","2026-09-24T16:28:28.462000","service_21a38539-786a-49a9-9de5-09b7d79f3f54","false"
"TDC","6a98f3301456d4a0c6a4c06e","5","activo","","0","1","dia_fijo","Oro","21100205","2026-09-03T17:18:52.410Z","DA","1108340","creacion","Creación inicial","TDC - 4545","DA005","DA005","4916-4751-1406-4545","1","","Visa","6800000","8","6a99abfc2b736d1c4a0c4faa","2026-09-03T17:18:52.898000","2026-09-14T15:54:26.405000","service_21a38539-786a-49a9-9de5-09b7d79f3f54","false"
"TDC","6a98f3301456d4a0c6a4c06e","5","activo","","0","1","dia_fijo","Oro","21100204","2026-09-03T17:04:48.870Z","DA","3990","creacion","Creación inicial","TDC - 4446","DA004","DA004","4559-8376-2360-4446","1","","Visa","5300000","8","6a99a8b1ab530ec80aafc0b7","2026-09-03T17:04:49.357000","2026-09-14T15:51:25.899000","service_21a38539-786a-49a9-9de5-09b7d79f3f54","false"
"TDC","6a98f4b92ead03ed4ffe5eb6","5","activo","","0","1","dia_fijo","Oro","21100203","2026-09-03T16:56:55.737Z","DA","1493880","creacion","Creación inicial","TDC - 3104","DA003","DA003","4559-8376-3074-3104","1","","Visa","7850000","8","6a99a6d8a2142aa7c956016b","2026-09-03T16:56:56.065000","2026-09-14T15:17:07.266000","service_21a38539-786a-49a9-9de5-09b7d79f3f54","false"
"TDC","6a98f2984726aaae7f1bae9b","0","activo","","0","1","dia_fijo","Estándar","21100202","2026-09-03T16:55:14.207Z","DA","411959","creacion","Creación inicial","TDC - 9468","DA002","DA002","5471-3060-2218-9468","0","","Mastercard","3700000","8","6a99a67225c68b86fb4edbae","2026-09-03T16:55:14.652000","2026-09-24T16:31:05.566000","service_21a38539-786a-49a9-9de5-09b7d79f3f54","false"
"TDC","6a98f2984726aaae7f1bae9b","0","activo","","0","1","dia_fijo","Clásica","21100201","2026-09-03T16:52:41.482Z","DA","-1","creacion","Creación inicial","TDC - 6257","DA001","DA001","4483-9099-4950-6257","0","","Visa","3700000","8","6a99a5d9056b5afe58934680","2026-09-03T16:52:41.903000","2026-09-24T16:30:41.240000","service_21a38539-786a-49a9-9de5-09b7d79f3f54","false"
"TDC","6a98f53b4a3fa86e738b539e","5","activo","","0","1","dia_semana","Otro","21100309","2026-09-03T16:50:42.175Z","CO","40106","creacion","Creación inicial","TDC - 0001","CO009","CO009","5434-2104-4957-0001","3","","Mastercard","1500000","18","6a99a562dac5eeb926e852f5","2026-09-03T16:50:42.589000","2026-09-18T16:01:34.661000","service_21a38539-786a-49a9-9de5-09b7d79f3f54","false"
"TDC","6a98f3f2b2ab7e8afdf8ec95","5","activo","","0","1","dia_semana","Clásica","21100308","2026-09-03T16:47:17.723Z","CO","-1865968","creacion","Creación inicial","TDC - 1538","CO008","CO008","5434-2105-9880-1538","4","","Mastercard","3750000","25","6a99a49712e11ee68987d163","2026-09-03T16:47:19.578000","2026-09-24T16:37:00.026000","service_21a38539-786a-49a9-9de5-09b7d79f3f54","false"
"TDC","6a98f274b437ec02a10288fd","5","activo","","0","1","dia_semana","Platinum","21100307","2026-09-03T16:45:02.393Z","CO","-77950","creacion","Creación inicial","TDC - 8349","CO007","CO007","4593-5607-1945-8349","4","","Visa","21000000","25","6a99a40fa3eb64d87a0cf7e5","2026-09-03T16:45:03","2026-09-21T20:54:58.371000","service_21a38539-786a-49a9-9de5-09b7d79f3f54","false"
"TDC","6a98f507fd17225d2bea2df8","0","activo","","0","1","dia_fijo","Platinum","21100306","2026-09-03T16:41:19.379Z","CO","1014262","creacion","Creación inicial","TDC - 2959","CO006","CO006","5470-6401-7087-2959","0","","Mastercard","10700000","1","6a99a32f43b9d400686c212d","2026-09-03T16:41:19.865000","2026-09-21T21:35:39.461000","service_21a38539-786a-49a9-9de5-09b7d79f3f54","false"
"TDC","6a98f3cd2f0c74160ca1493c","5","activo","","0","1","dia_semana","Oro","21100305","2026-09-03T16:37:00.790Z","CO","171440","creacion","Creación inicial","TDC - 3223","CO005","CO005","4117-5909-6336-3223","3","","Visa","4000000","18","6a99a22d65f391ba5ea9c147","2026-09-03T16:37:01.306000","2026-09-18T19:02:01.478000","service_21a38539-786a-49a9-9de5-09b7d79f3f54","false"
"TDC","6a98f3cd2f0c74160ca1493c","5","activo","","0","1","dia_semana","Platinum","21100304","2026-09-03T16:34:50.083Z","CO","-77900","creacion","Creación inicial","TDC - 2764","CO004","CO004","3793-6254-2382-764","3","","American Express","4000000","18","6a99a1aa888eb7a9971bd537","2026-09-03T16:34:50.509000","2026-09-15T14:50:22.005000","service_21a38539-786a-49a9-9de5-09b7d79f3f54","false"
"TDC","6a98f3cd2f0c74160ca1493c","5","activo","","0","1","dia_semana","Oro","21100303","2026-09-03T16:31:50.750Z","CO","-3076222","creacion","Creación inicial","TDC - 9581","CO003","CO003","5406-9001-6913-9581","3","","Mastercard","4000000","18","6a99a0f7cece7707c05ff490","2026-09-03T16:31:51.191000","2026-09-21T21:35:39.626000","service_21a38539-786a-49a9-9de5-09b7d79f3f54","false"
"TDC","6a98f3f2b2ab7e8afdf8ec95","5","activo","","0","1","dia_semana","Clásica","21100302","2026-09-03T16:27:31.589Z","CO","-1016700","creacion","Creación inicial","TDC - 3862","CO002","CO002","4097-4406-1452-3862","2","","Visa","2700000","11","6a999ff4df0180526c81d8c8","2026-09-03T16:27:32.284000","2026-09-15T14:47:21.156000","service_21a38539-786a-49a9-9de5-09b7d79f3f54","false"
"TDC","6a98f3f2b2ab7e8afdf8ec95","5","activo","","0","1","dia_semana","Estándar","21100301","2026-09-03T16:24:50.396Z","CO","611556","creacion","Creación inicial","TDC - 4345","CO001","CO001","5471-2910-4622-4345","2","","Mastercard","2700000","11","6a999f522cfdd08324210a9e","2026-09-03T16:24:50.783000","2026-09-18T15:59:36.836000","service_21a38539-786a-49a9-9de5-09b7d79f3f54","false"
"TDC","6a98f53b4a3fa86e738b539e","0","activo","","0","1","dia_fijo","Clásica","21101404","2026-09-03T16:21:13.577Z","BO","-658144","creacion","Creación inicial","TDC - 7382","BO004","BO004","4916-1700-1759-7382","0","","Mastercard","1000000","15","6a999e792000a32e605a85e0","2026-09-03T16:21:13.890000","2026-09-15T14:35:19.080000","service_21a38539-786a-49a9-9de5-09b7d79f3f54","false"
"TDC","6a98f5b7ab409033bb50562f","0","activo","","0","1","dia_fijo","Platinum","21101403","2026-09-03T15:59:56.576Z","BO","0","creacion","Creación inicial","TDC - 5674","BO003","BO003","4334-6000-4895-5674","0","","Visa","9451026","30","6a99997de5b8e4aa0c0b315e","2026-09-03T15:59:57.165000","2026-09-03T15:59:57.165000","service_21a38539-786a-49a9-9de5-09b7d79f3f54","false"
"TDC","6a98f586e826fc0c9dc1a431","0","activo","","0","1","dia_fijo","Clásica","21101402","2026-09-03T15:56:08.972Z","BO","-1094969","creacion","Creación inicial","TDC - 4932","BO002","BO002","4916-1700-1488-4932","0","","Visa","1500000","15","6a999899ab869c7b3dceaa6e","2026-09-03T15:56:09.398000","2026-09-21T15:54:23.726000","service_21a38539-786a-49a9-9de5-09b7d79f3f54","false"
"TDC","6a98f419906ee21f6cde3cab","0","inactivo","","0","1","dia_fijo","Clásica","21101401","2026-09-03T15:53:50.774Z","BO","0","creacion","Reemplazada por BO001-2 el 2026-09-04","TDC - 3864","BO001","BO001","4916-1700-1953-3864","0","","Visa","1500000","15","6a99980f8feca850cf2bf1b8","2026-09-03T15:53:51.419000","2026-09-04T16:40:56.258000","service_21a38539-786a-49a9-9de5-09b7d79f3f54","false"
"TDC","6a98f3cd2f0c74160ca1493c","0","activo","","0","1","dia_fijo","Oro","21101301","2026-09-03T15:50:57.031Z","BB","-2676930","creacion","Creación inicial","TDC - 1845","BB001","BB001","4504-0875-8823-1845","0","","Visa","3000000","20","6a9997615bddd4e34fc4b9ad","2026-09-03T15:50:57.590000","2026-09-15T18:40:30.503000","service_21a38539-786a-49a9-9de5-09b7d79f3f54","false"
"TDC","6a98f560eedd223f042a4af1","0","activo","","0","1","dia_fijo","Otro","21100115","2026-09-03T15:48:19.381Z","BA","0","creacion","Creación inicial","TDC - 6963","BA015","BA015","5176-4001-9993-6963","0","","Mastercard","430000","30","6a9996c3dfff801069f244c1","2026-09-03T15:48:19.802000","2026-09-03T15:48:19.802000","service_21a38539-786a-49a9-9de5-09b7d79f3f54","false"
"TDC","6a98f560eedd223f042a4af1","0","bloqueado","","0","1","dia_fijo","Clásica","21100114","2026-09-03T15:44:44.855Z","BA","0","creacion","Creación inicial","TDC - 7996","BA014","BA014","3778-1304-8977-996","0","","American Express","4300000","30","6a9995ef9358a8ea718a86cc","2026-09-03T15:44:47.488000","2026-09-15T16:38:33.633000","service_21a38539-786a-49a9-9de5-09b7d79f3f54","false"
"TDC","6a98f507fd17225d2bea2df8","0","activo","","0","1","dia_fijo","Otro","21100113","2026-09-03T15:42:22.945Z","BA","2629835","creacion","Creación inicial","TDC - 5755","BA013","BA013","5176-4001-4790-5755","0","","Mastercard","4560000","15","6a99955fe459fcb2607f3853","2026-09-03T15:42:23.391000","2026-09-21T20:25:49.223000","service_21a38539-786a-49a9-9de5-09b7d79f3f54","false"
"TDC","6a98f507fd17225d2bea2df8","0","activo","","0","1","dia_fijo","Oro","21100112","2026-09-03T15:37:51.770Z","BA","-8028122","creacion","Creación inicial","TDC - 3609","BA012","BA012","5303-7201-1549-3609","0","","Mastercard","45600000","15","6a999450a2f4aa1127e20aa6","2026-09-03T15:37:52.214000","2026-09-22T21:10:15.302000","service_21a38539-786a-49a9-9de5-09b7d79f3f54","false"
"TDC","6a98f586e826fc0c9dc1a431","0","activo","","0","1","dia_fijo","Infinite","21100111","2026-09-03T15:35:53.163Z","BA","3247071","creacion","Creación inicial","TDC - 7740","BA011","BA011","3778-1405-1567-740","0","","American Express","104000000","15","6a9993da1a50e8d98c3bc7c2","2026-09-03T15:35:54.979000","2026-09-21T20:25:54.818000","service_21a38539-786a-49a9-9de5-09b7d79f3f54","false"
"TDC","6a98f586e826fc0c9dc1a431","0","activo","","0","1","dia_fijo","Otro","21100110","2026-09-03T15:33:52.434Z","BA","2649453","creacion","Creación inicial","TDC - 5513","BA010","BA010","5176-4003-4601-5513","0","","Mastercard","10400000","15","6a99936061310219a4ffbed5","2026-09-03T15:33:52.876000","2026-09-21T21:35:32.281000","service_21a38539-786a-49a9-9de5-09b7d79f3f54","false"
"TDC","6a98f5b7ab409033bb50562f","0","activo","","0","1","dia_fijo","Otro","21100109","2026-09-03T15:32:07.373Z","BA","0","creacion","Creación inicial","TDC - 2234","BA009","BA009","5176-4004-6522-2234","0","","Mastercard","1610000","30","6a9992f7cffd03e02f213eb9","2026-09-03T15:32:07.843000","2026-09-21T20:25:44.090000","service_21a38539-786a-49a9-9de5-09b7d79f3f54","false"
"TDC","6a98f5b7ab409033bb50562f","0","activo","","0","1","dia_fijo","Platinum","21100108","2026-09-03T15:14:04.933Z","BA","6964901","creacion","Creación inicial","TDC - 1406","BA008","BA008","4099-8402-4977-1406","0","","Visa","16100000","30","6a998ebdde711478bb3cb7dc","2026-09-03T15:14:05.336000","2026-09-21T20:25:43.423000","service_21a38539-786a-49a9-9de5-09b7d79f3f54","false"
"TDC","6a98f53b4a3fa86e738b539e","0","activo","","0","1","dia_fijo","Infinite","21100107","2026-09-03T15:10:08.694Z","BA","-36888590","creacion","Creación inicial","TDC - 7292","BA007","BA007","4110-5404-6959-7292","0","","Visa","43000000","30","6a998dd144c1114d6b554d31","2026-09-03T15:10:09.182000","2026-09-24T01:32:25.648000","service_21a38539-786a-49a9-9de5-09b7d79f3f54","false"
"TDC","6a98f53b4a3fa86e738b539e","0","activo","","0","1","dia_fijo","Estándar","21100106","2026-09-03T15:06:01.897Z","BA","-3220568","creacion","Creación inicial","TDC - 2738","BA006","BA006","5176-4002-7767-2738","0","","Mastercard","4300000","30","6a998cdadb553f0c71384e6a","2026-09-03T15:06:02.249000","2026-09-21T20:25:44.689000","service_21a38539-786a-49a9-9de5-09b7d79f3f54","false"
"TDC","6a98f560eedd223f042a4af1","0","activo","","0","1","dia_fijo","Otro","21100105","2026-09-03T15:02:35.016Z","BA","225896","creacion","Creación inicial","TDC - 9775","BA005","BA005","3778-1302-4649-775","0","","American Express","4300000","30","6a998c0ba702dfd9c42f3c5b","2026-09-03T15:02:35.525000","2026-09-21T20:25:58.586000","service_21a38539-786a-49a9-9de5-09b7d79f3f54","false"
"TDC","6a98f507fd17225d2bea2df8","0","activo","","0","1","dia_fijo","Oro","21100104","2026-09-03T14:16:10.095Z","BA","0","creacion","Creación inicial","TDC - 0957","BA004","BA004","4513-0803-8270-0957","0","","Mastercard","6800000","15","6a99812be1691bac32b39285","2026-09-03T14:16:11.299000","2026-09-03T14:16:11.299000","service_21a38539-786a-49a9-9de5-09b7d79f3f54","false"
"TDC","6a98f2984726aaae7f1bae9b","0","activo","","0","1","dia_fijo","Clásica","21100103","2026-09-03T14:13:21.248Z","BA","42716.05","creacion","Creación inicial","TDC - 2899","BA003","BA003","4513-0703-8161-2899","0","","Visa","4100000","30","6a998082172694d2eb5d8ce8","2026-09-03T14:13:22.198000","2026-09-24T16:41:22.633000","service_21a38539-786a-49a9-9de5-09b7d79f3f54","false"
"TDC","6a98f394673a207abc88d40f","0","activo","","0","1","dia_fijo","Estándar","21100102","2026-09-03T14:06:30.151Z","BA","0","creacion","Creación inicial","TDC - 4955","BA002","BA002","5303-7201-1885-4955","0","","Mastercard","11900000","15","6a997ee61b5059b9bc3e9f2b","2026-09-03T14:06:30.594000","2026-09-15T15:18:23.462000","service_21a38539-786a-49a9-9de5-09b7d79f3f54","false"
"TDC","6a98f370e7ff24e87b272441","0","activo","","0","1","dia_fijo","Estándar","21100101","2026-09-03T06:03:46.087Z","BA","-2429610","creacion","Creación inicial","TDC - 9538","BA001","BA001","5303-7101-0156-9538","0","","Mastercard","4610000","15","6a990dc2fd0d1e2fc524f968","2026-09-03T06:03:46.915000","2026-09-21T20:25:55.340000","service_21a38539-786a-49a9-9de5-09b7d79f3f54","false"
